exposure_id,borrower_id,connected_group_id,reporting_date,segment,product_type,borrower_type,is_individual,is_sme,managed_as_retail,retail_transactor,annual_revenue,group_total_assets,exposure_class_raw,sector,geography,currency,external_rating,internal_grade,pd_1y,lgd,origination_date,maturity_years,contractual_maturity_years,outstanding_balance,credit_limit,undrawn_amount,revolving_flag,commitment_type,unconditionally_cancellable_flag,accrued_interest,collateral_type,collateral_value,property_value_at_origination,property_value_current,property_cashflow_dependent,primary_residence,regulatory_real_estate_eligible,senior_lien_amount,guarantee_value,guarantor_type,guarantor_rating,dpd,default_flag
EXP-0000001,BOR-0000001,GRP-000000,2026-06-30,mortgage,mortgage,individual,True,False,True,False,0.0,0.0,mortgage,Households,West,INR,BB,BB,0.01529637700203566,0.17146114285088218,2025-11-02,1.3848050446292466,1.3848050446292466,2073545.4292475171,2073545.4292475171,0.0,False,no_commitment,False,17108.38044160982,residential_property,2872410.778471743,2923873.706183568,2872410.778471743,False,True,True,0.0,0.0,none,UNRATED,0,0
EXP-0000002,BOR-0000002,GRP-000000,2026-06-30,mortgage,mortgage,individual,True,False,True,False,0.0,0.0,mortgage,Households,West,INR,BBB,BBB,0.004701232336853872,0.14388233333575517,2017-10-15,1.5287843346866337,1.5287843346866337,5608068.787069718,5608068.787069718,0.0,False,no_commitment,False,59731.84483827433,residential_property,11715960.433260994,11610635.324432569,11715960.433260994,False,True,True,0.0,0.0,none,UNRATED,0,0
EXP-0000003,BOR-0000003,GRP-000000,2026-06-30,mortgage,mortgage,individual,True,False,True,False,0.0,0.0,mortgage,Households,South,INR,BB,BB,0.01707142142092361,0.3462205261394957,2025-02-05,0.6665665157170486,0.6665665157170486,2309266.7623603097,2309266.7623603097,0.0,False,no_commitment,False,83.93446696227889,residential_property,2229391.0824875087,2074367.9950932474,2229391.0824875087,False,True,True,0.0,0.0,none,UNRATED,0,0
EXP-0000004,BOR-0000004,GRP-000000,2026-06-30,mortgage,mortgage,individual,True,False,True,False,0.0,0.0,mortgage,Households,Central,INR,BBB,BBB,0.004194588269390123,0.1230718846483259,2024-02-11,2.7512358308444793,2.7512358308444793,1945563.199423952,1945563.199423952,0.0,False,no_commitment,False,12592.90730064928,residential_property,4420307.23210971,4423462.247701971,4420307.23210971,False,True,True,0.0,0.0,none,UNRATED,0,0
EXP-0000005,BOR-0000005,GRP-000001,2026-06-30,mortgage,mortgage,individual,True,False,True,False,0.0,0.0,mortgage,Households,East,INR,A,A,0.0013239078475041487,0.17899030739862115,2020-10-29,1.5154467969924852,1.5154467969924852,2384701.2557230913,2384701.2557230913,0.0,False,no_commitment,False,28422.173943797152,residential_property,4691666.882953522,4383186.308026884,4691666.882953522,False,True,True,0.0,1015477.8176167555,eligible_bank,AA,5,0
EXP-0000006,BOR-0000006,GRP-000001,2026-06-30,mortgage,mortgage,individual,True,False,True,False,0.0,0.0,mortgage,Households,West,INR,B,B,0.05359327481990487,0.09766028613162392,2017-09-15,6.762420337054202,6.762420337054202,3277650.32923478,3277650.32923478,0.0,False,no_commitment,False,487.34922185567694,residential_property,6658726.913381192,6855792.702638734,6658726.913381192,False,True,True,0.0,0.0,none,UNRATED,15,0
EXP-0000007,BOR-0000007,GRP-000001,2026-06-30,mortgage,mortgage,individual,True,False,True,False,0.0,0.0,mortgage,Households,Central,INR,BB,BB,0.014820165283491284,0.1898554579904249,2018-01-13,7.373177486718364,7.373177486718364,3285755.6635595304,3285755.6635595304,0.0,False,no_commitment,False,41.36380802509125,residential_property,4668959.862728123,4527096.350579294,4668959.862728123,False,True,True,0.0,0.0,none,UNRATED,0,0
EXP-0000008,BOR-0000008,GRP-000001,2026-06-30,mortgage,mortgage,individual,True,False,True,False,0.0,0.0,mortgage,Households,Central,INR,BB,BB,0.014190378110190296,0.2535115564571366,2021-05-27,4.423638609710253,4.423638609710253,3053504.61490399,3053504.61490399,0.0,False,no_commitment,False,9218.46131879601,residential_property,3624456.1360049956,3799881.540179847,3624456.1360049956,False,True,True,0.0,0.0,none,UNRATED,5,0
EXP-0000009,BOR-0000009,GRP-000001,2026-06-30,mortgage,mortgage,individual,True,False,True,False,0.0,0.0,mortgage,Households,West,INR,A,A,0.0024294011425908743,0.1660313835772344,2022-10-19,2.3652919755676836,2.3652919755676836,1793547.7149329945,1793547.7149329945,0.0,False,no_commitment,False,3294.8175656622993,residential_property,2361729.928681344,2394618.8405745323,2361729.928681344,False,True,True,0.0,0.0,none,UNRATED,0,0
EXP-0000010,BOR-0000010,GRP-000002,2026-06-30,mortgage,mortgage,individual,True,False,True,False,0.0,0.0,mortgage,Households,North,INR,BBB,BBB,0.003032129341670251,0.31979841497217426,2021-09-24,2.388764908522893,2.388764908522893,5785277.169255385,5785277.169255385,0.0,False,no_commitment,False,46513.191340793404,residential_property,6286304.913833253,6723862.653503438,6286304.913833253,False,True,True,0.0,0.0,none,UNRATED,5,0
EXP-0000011,BOR-0000011,GRP-000002,2026-06-30,mortgage,mortgage,individual,True,False,True,False,0.0,0.0,mortgage,Households,West,INR,BBB,BBB,0.00475324087920019,0.11626900046395834,2020-10-29,1.960444293352164,1.960444293352164,8287976.2005923875,8287976.2005923875,0.0,False,no_commitment,False,13508.117911009818,residential_property,15656465.933934221,16252018.767756155,15656465.933934221,False,True,True,0.0,0.0,none,UNRATED,60,0
EXP-0000012,BOR-0000012,GRP-000002,2026-06-30,mortgage,mortgage,individual,True,False,True,False,0.0,0.0,mortgage,Households,West,INR,B,B,0.042808737778841005,0.23273709649130767,2025-06-05,1.384428113557288,1.384428113557288,1011044.8715067626,1011044.8715067626,0.0,False,no_commitment,False,2648.4544674766425,residential_property,1292924.9431283544,1339439.9394881283,1292924.9431283544,False,True,True,0.0,0.0,none,UNRATED,5,0
EXP-0000013,BOR-0000013,GRP-000002,2026-06-30,mortgage,mortgage,individual,True,False,True,False,0.0,0.0,mortgage,Households,North,INR,BBB,BBB,0.004095584938389796,0.20401818505459005,2025-07-05,1.3048643402544247,1.3048643402544247,1275019.6205645648,1275019.6205645648,0.0,False,no_commitment,False,6571.561916617117,residential_property,2061808.138171677,1997351.9914807908,2061808.138171677,False,True,True,0.0,0.0,none,UNRATED,15,0
EXP-0000014,BOR-0000014,GRP-000002,2026-06-30,mortgage,mortgage,individual,True,False,True,False,0.0,0.0,mortgage,Households,East,INR,BB,BB,0.023816912904423518,0.1942099190948295,2016-09-20,6.619831700930251,6.619831700930251,6716854.751915644,6716854.751915644,0.0,False,no_commitment,False,66389.32839318269,residential_property,9476741.54799905,9388671.212598814,9476741.54799905,False,True,True,0.0,0.0,none,UNRATED,15,0
EXP-0000015,BOR-0000015,GRP-000003,2026-06-30,mortgage,mortgage,individual,True,False,True,False,0.0,0.0,mortgage,Households,West,INR,BBB,BBB,0.003363788747234458,0.2509723512042908,2020-08-30,0.9270651923190546,0.9270651923190546,9709750.529989732,9709750.529989732,0.0,False,no_commitment,False,14639.999811028873,residential_property,11310453.586056687,11754852.48041944,11310453.586056687,False,True,True,0.0,0.0,none,UNRATED,30,0
EXP-0000016,BOR-0000016,GRP-000003,2026-06-30,mortgage,mortgage,individual,True,False,True,False,0.0,0.0,mortgage,Households,South,INR,A,A,0.0013167519104185193,0.12232435086837684,2017-06-17,2.0460269352473777,2.0460269352473777,877039.3987920411,877039.3987920411,0.0,False,no_commitment,False,1670.2806055644076,residential_property,2294028.7133294833,2375515.682133184,2294028.7133294833,False,True,True,0.0,0.0,none,UNRATED,60,0
EXP-0000017,BOR-0000017,GRP-000003,2026-06-30,mortgage,mortgage,individual,True,False,True,False,0.0,0.0,mortgage,Households,North,INR,BBB,BBB,0.003987409964549027,0.27738550794102756,2025-07-05,4.606966975763059,4.606966975763059,5946463.626211857,5946463.626211857,0.0,False,no_commitment,False,58701.70320743192,residential_property,5896511.588939119,6077925.964136477,5896511.588939119,True,False,True,0.0,0.0,none,UNRATED,30,0
EXP-0000018,BOR-0000018,GRP-000003,2026-06-30,mortgage,mortgage,individual,True,False,True,False,0.0,0.0,mortgage,Households,East,INR,A,A,0.0012878395613247229,0.14670945145352426,2017-08-16,3.0068379532526825,3.0068379532526825,10149098.610399816,10149098.610399816,0.0,False,no_commitment,False,102188.42234598477,residential_property,15727513.725324234,14489320.72711406,15727513.725324234,False,True,True,0.0,0.0,none,UNRATED,0,0
EXP-0000019,BOR-0000019,GRP-000003,2026-06-30,mortgage,mortgage,individual,True,False,True,False,0.0,0.0,mortgage,Households,West,INR,BB,BB,0.0175873579257758,0.11469975377159039,2021-04-27,2.352125738774037,2.352125738774037,1998096.5366564903,1998096.5366564903,0.0,False,no_commitment,False,6059.797072634645,residential_property,5034595.214533608,4645780.664840508,5034595.214533608,False,True,True,0.0,0.0,none,UNRATED,0,0
EXP-0000020,BOR-0000020,GRP-000004,2026-06-30,mortgage,mortgage,individual,True,False,True,False,0.0,0.0,mortgage,Households,Central,INR,BBB,BBB,0.003633073784761068,0.12436758124421317,2018-08-11,1.8497615974204766,1.8497615974204766,9772253.123294506,9772253.123294506,0.0,False,no_commitment,False,58136.03098846094,residential_property,17696434.901190158,16471747.74822107,17696434.901190158,False,True,True,0.0,2699026.451189494,eligible_bank,AA,0,0
EXP-0000021,BOR-0000021,GRP-000004,2026-06-30,mortgage,mortgage,individual,True,False,True,False,0.0,0.0,mortgage,Households,Central,INR,BB,BB,0.016873965586957446,0.22595701917801647,2024-09-08,0.4442387265932688,0.4442387265932688,3117610.010258678,3117610.010258678,0.0,False,no_commitment,False,15260.831889028776,residential_property,4535418.671796637,4195504.266194404,4535418.671796637,False,True,True,0.0,0.0,none,UNRATED,30,0
EXP-0000022,BOR-0000022,GRP-000004,2026-06-30,mortgage,mortgage,individual,True,False,True,False,0.0,0.0,mortgage,Households,South,INR,BBB,BBB,0.0031488594798826024,0.1534340550653813,2020-09-29,1.2282365192517761,1.2282365192517761,4294250.682068228,4294250.682068228,0.0,False,no_commitment,False,9079.688594799887,residential_property,7776944.933675697,8116454.070378739,7776944.933675697,False,True,True,0.0,0.0,none,UNRATED,60,0
EXP-0000023,BOR-0000023,GRP-000004,2026-06-30,mortgage,mortgage,individual,True,False,True,False,0.0,0.0,mortgage,Households,East,INR,B,B,0.03611807147796236,0.0994329556401673,2018-03-14,3.059056912058385,3.059056912058385,2192979.9223084995,2192979.9223084995,0.0,False,no_commitment,False,13755.731817753704,residential_property,6813497.164641459,6864619.793848945,6813497.164641459,False,True,True,0.0,0.0,none,UNRATED,0,0
EXP-0000024,BOR-0000024,GRP-000004,2026-06-30,mortgage,mortgage,individual,True,False,True,False,0.0,0.0,mortgage,Households,Central,INR,BB,BB,0.014394308780593808,0.17648983576555113,2022-12-18,2.536797083740824,2.536797083740824,6708876.5678030085,6708876.5678030085,0.0,False,no_commitment,False,44748.45144684221,residential_property,9773209.246574758,9780864.488630034,9773209.246574758,False,True,True,0.0,0.0,none,UNRATED,60,0
EXP-0000025,BOR-0000025,GRP-000005,2026-06-30,mortgage,mortgage,individual,True,False,True,False,0.0,0.0,mortgage,Households,West,INR,BB,BB,0.011310356272052327,0.16902715113839037,2023-06-16,2.581438394651458,2.581438394651458,6020418.9200358745,6020418.9200358745,0.0,False,no_commitment,False,14050.736648748561,residential_property,11000165.546160422,10270809.538850904,11000165.546160422,False,True,True,0.0,3468581.988783486,eligible_bank,AA,15,0
EXP-0000026,BOR-0000026,GRP-000005,2026-06-30,mortgage,mortgage,individual,True,False,True,False,0.0,0.0,mortgage,Households,West,INR,A,A,0.0019714188509259325,0.15655207161446333,2020-05-02,3.5746176084572645,3.5746176084572645,10738377.959762285,10738377.959762285,0.0,False,no_commitment,False,18738.345043337857,residential_property,13754916.551879082,14359303.799082797,13754916.551879082,False,True,True,0.0,0.0,none,UNRATED,5,0
EXP-0000027,BOR-0000027,GRP-000005,2026-06-30,mortgage,mortgage,individual,True,False,True,False,0.0,0.0,mortgage,Households,North,INR,BBB,BBB,0.0030371808489163543,0.1120379918103183,2020-07-31,2.7650527232735933,2.7650527232735933,8927690.674961166,8927690.674961166,0.0,False,no_commitment,False,71744.23419741147,residential_property,18280432.530172143,17089555.493682913,18280432.530172143,False,True,True,0.0,0.0,none,UNRATED,30,0
EXP-0000028,BOR-0000028,GRP-000005,2026-06-30,mortgage,mortgage,individual,True,False,True,False,0.0,0.0,mortgage,Households,North,INR,AA,AA,0.0004977739465774647,0.28615780332303103,2025-10-03,0.6977562354970699,0.6977562354970699,3479245.4297866346,3479245.4297866346,0.0,False,no_commitment,False,14623.603959962644,residential_property,3299551.762412705,3152689.355942905,3299551.762412705,False,True,True,0.0,0.0,none,UNRATED,5,0
EXP-0000029,BOR-0000029,GRP-000005,2026-06-30,mortgage,mortgage,individual,True,False,True,False,0.0,0.0,mortgage,Households,Central,INR,A,A,0.0016159397685923179,0.2925938422010877,2019-07-07,2.161223127147174,2.161223127147174,26395909.853654627,26395909.853654627,0.0,False,no_commitment,False,26069.515578667426,residential_property,34854508.517516665,36632976.32570346,34854508.517516665,False,True,True,0.0,0.0,none,UNRATED,0,0
EXP-0000030,BOR-0000030,GRP-000006,2026-06-30,mortgage,mortgage,individual,True,False,True,False,0.0,0.0,mortgage,Households,West,INR,BBB,BBB,0.0035993340783261013,0.2114814201602946,2019-07-07,0.8681392467416454,0.8681392467416454,8421417.725268897,8421417.725268897,0.0,False,no_commitment,False,32143.59638467454,residential_property,11971507.860850073,12340378.09066523,11971507.860850073,False,True,True,0.0,0.0,none,UNRATED,5,0
EXP-0000031,BOR-0000031,GRP-000006,2026-06-30,mortgage,mortgage,individual,True,False,True,False,0.0,0.0,mortgage,Households,North,INR,BB,BB,0.011412855169430558,0.1975222977728427,2019-07-07,3.898095648709304,3.898095648709304,4973373.543729115,4973373.543729115,0.0,False,no_commitment,False,55957.27651548048,residential_property,6409556.605842681,5991769.657852276,6409556.605842681,False,True,True,0.0,0.0,none,UNRATED,5,0
EXP-0000032,BOR-0000032,GRP-000006,2026-06-30,mortgage,mortgage,individual,True,False,True,False,0.0,0.0,mortgage,Households,East,INR,B,B,0.07218386570532266,0.11874771803621287,2020-07-31,2.8854739346042924,2.8854739346042924,1830542.9375213303,1830542.9375213303,0.0,False,no_commitment,False,2658.812899793303,residential_property,5080002.749409432,4733663.6184714725,5080002.749409432,False,True,True,0.0,884118.2544735285,eligible_bank,AA,5,0
EXP-0000033,BOR-0000033,GRP-000006,2026-06-30,mortgage,mortgage,individual,True,False,True,False,0.0,0.0,mortgage,Households,West,INR,BBB,BBB,0.003340098429789279,0.10615545716478589,2023-02-16,1.8944225192314705,1.8944225192314705,1294651.6910027198,1294651.6910027198,0.0,False,no_commitment,False,10441.736806620414,residential_property,2211125.247385406,2178045.7550034947,2211125.247385406,False,True,True,0.0,0.0,none,UNRATED,30,0
EXP-0000034,BOR-0000034,GRP-000006,2026-06-30,mortgage,mortgage,individual,True,False,True,False,0.0,0.0,mortgage,Households,South,INR,BBB,BBB,0.0038611611556669343,0.3674052813212816,2024-10-08,1.523938400086188,1.523938400086188,1368198.432113172,1368198.432113172,0.0,False,no_commitment,False,15460.403864941345,residential_property,1406000.829807322,1429260.3019494333,1406000.829807322,False,True,True,0.0,0.0,none,UNRATED,30,0
EXP-0000035,BOR-0000035,GRP-000007,2026-06-30,mortgage,mortgage,individual,True,False,True,False,0.0,0.0,mortgage,Households,East,INR,BBB,BBB,0.0038521818709454495,0.06727961728711976,2025-11-02,5.626043656282836,5.626043656282836,1907665.8029432262,1907665.8029432262,0.0,False,no_commitment,False,16735.77034549534,residential_property,3098985.880502581,2973420.3154544216,3098985.880502581,False,True,True,0.0,0.0,none,UNRATED,30,0
EXP-0000036,BOR-0000036,GRP-000007,2026-06-30,mortgage,mortgage,individual,True,False,True,False,0.0,0.0,mortgage,Households,West,INR,A,A,0.0017045834251571718,0.17737495214908067,2025-05-06,1.404703418869455,1.404703418869455,8567788.901462546,8567788.901462546,0.0,False,no_commitment,False,45797.086333112944,residential_property,12994894.672944503,13171986.666609148,12994894.672944503,False,True,True,0.0,0.0,none,UNRATED,5,0
EXP-0000037,BOR-0000037,GRP-000007,2026-06-30,mortgage,mortgage,individual,True,False,True,False,0.0,0.0,mortgage,Households,Central,INR,A,A,0.001630176923623899,0.13460080309531747,2022-01-22,3.5904909165764223,3.5904909165764223,4803624.620244155,4803624.620244155,0.0,False,no_commitment,False,17671.891342713203,residential_property,8132156.027008447,7949218.998013686,8132156.027008447,False,True,True,0.0,0.0,none,UNRATED,60,0
EXP-0000038,BOR-0000038,GRP-000007,2026-06-30,mortgage,mortgage,individual,True,False,True,False,0.0,0.0,mortgage,Households,West,INR,BBB,BBB,0.0034468824137831072,0.23895927161380495,2020-02-02,1.6965197100531018,1.6965197100531018,2349189.5569826593,2349189.5569826593,0.0,False,no_commitment,False,13447.139960774377,residential_property,2556338.98259926,2592590.399681185,2556338.98259926,False,True,True,0.0,0.0,none,UNRATED,30,0
EXP-0000039,BOR-0000039,GRP-000007,2026-06-30,mortgage,mortgage,individual,True,False,True,False,0.0,0.0,mortgage,Households,West,INR,A,A,0.001414556718639089,0.14413804492813231,2026-01-01,3.2432902961851946,3.2432902961851946,3204154.059093009,3204154.059093009,0.0,False,no_commitment,False,12311.23729416996,residential_property,5098809.693810429,5282784.411006836,5098809.693810429,False,True,True,0.0,0.0,none,UNRATED,0,0
EXP-0000040,BOR-0000040,GRP-000008,2026-06-30,mortgage,mortgage,individual,True,False,True,False,0.0,0.0,mortgage,Households,East,INR,BBB,BBB,0.003839907674003602,0.0632745959641653,2025-09-03,3.266012898597332,3.266012898597332,2960114.0754366857,2960114.0754366857,0.0,False,no_commitment,False,3985.209425236154,residential_property,6474610.189404483,6830104.746102966,6474610.189404483,False,True,True,0.0,0.0,none,UNRATED,30,0
EXP-0000041,BOR-0000041,GRP-000008,2026-06-30,mortgage,mortgage,individual,True,False,True,False,0.0,0.0,mortgage,Households,West,INR,BBB,BBB,0.0045772897750337325,0.4094711657123042,2021-12-23,4.080074409111446,4.080074409111446,5887290.673618865,5887290.673618865,0.0,False,no_commitment,False,54249.20209910308,residential_property,5311528.567914306,5053045.570659781,5311528.567914306,False,True,True,0.0,0.0,none,UNRATED,0,0
EXP-0000042,BOR-0000042,GRP-000008,2026-06-30,mortgage,mortgage,individual,True,False,True,False,0.0,0.0,mortgage,Households,North,INR,BB,BB,0.012155141590281802,0.12089669863240583,2022-01-22,1.1970386031447635,1.1970386031447635,1976928.5895262817,1976928.5895262817,0.0,False,no_commitment,False,3283.4420440700374,residential_property,4531682.8593145115,4230866.463368799,4531682.8593145115,True,False,True,0.0,0.0,none,UNRATED,0,0
EXP-0000043,BOR-0000043,GRP-000008,2026-06-30,mortgage,mortgage,individual,True,False,True,False,0.0,0.0,mortgage,Households,East,INR,BB,BB,0.021570143245059337,0.19547396875702924,2020-12-28,0.3659873731600427,0.3659873731600427,4393205.3972202875,4393205.3972202875,0.0,False,no_commitment,False,973.8420974676518,residential_property,6723141.152238233,6312631.713763272,6723141.152238233,False,True,True,0.0,0.0,none,UNRATED,5,0
EXP-0000044,BOR-0000044,GRP-000008,2026-06-30,mortgage,mortgage,individual,True,False,True,False,0.0,0.0,mortgage,Households,North,INR,BBB,BBB,0.0034890913752195552,0.10303924179437118,2022-06-21,0.8727848127916242,0.8727848127916242,4253825.61545009,4253825.61545009,0.0,False,no_commitment,False,32270.037367323777,residential_property,8073384.393866002,7641141.714152436,8073384.393866002,False,True,True,0.0,0.0,none,UNRATED,15,0
EXP-0000045,BOR-0000045,GRP-000009,2026-06-30,mortgage,mortgage,individual,True,False,True,False,0.0,0.0,mortgage,Households,East,INR,BB,BB,0.014976395221117897,0.16736623129359038,2018-11-09,0.8329904453224483,0.8329904453224483,2015764.9716617411,2015764.9716617411,0.0,False,no_commitment,False,18119.79380621769,residential_property,3660183.6914862776,3557320.568481569,3660183.6914862776,False,True,True,0.0,0.0,none,UNRATED,0,0
EXP-0000046,BOR-0000046,GRP-000009,2026-06-30,mortgage,mortgage,individual,True,False,True,False,0.0,0.0,mortgage,Households,North,INR,BB,BB,0.012173386103615385,0.12121694694914538,2021-02-26,0.6583369907046654,0.6583369907046654,9825360.87619292,9825360.87619292,0.0,False,no_commitment,False,41224.01532081856,residential_property,20058778.114433005,18545978.92968329,20058778.114433005,False,True,True,0.0,0.0,none,UNRATED,5,0
EXP-0000047,BOR-0000047,GRP-000009,2026-06-30,mortgage,mortgage,individual,True,False,True,False,0.0,0.0,mortgage,Households,South,INR,BBB,BBB,0.0031664963966841087,0.16939695191997978,2017-09-15,2.9995178538750986,2.9995178538750986,2888223.7224581125,2888223.7224581125,0.0,False,no_commitment,False,20915.119915445986,residential_property,4995186.90012707,5260961.742753182,4995186.90012707,False,True,True,0.0,0.0,none,UNRATED,30,0
EXP-0000048,BOR-0000048,GRP-000009,2026-06-30,mortgage,mortgage,individual,True,False,True,False,0.0,0.0,mortgage,Households,South,INR,A,A,0.00128154706735063,0.2605200377582214,2021-04-27,0.4663379670125827,0.4663379670125827,1835790.882945935,1835790.882945935,0.0,False,no_commitment,False,9457.39244186902,residential_property,2192550.268440744,2315001.6133048343,2192550.268440744,False,True,True,0.0,0.0,none,UNRATED,60,0
EXP-0000049,BOR-0000049,GRP-000009,2026-06-30,mortgage,mortgage,individual,True,False,True,False,0.0,0.0,mortgage,Households,Central,INR,BBB,BBB,0.003358855133854824,0.11882293159434618,2025-09-03,3.2458101138111743,3.2458101138111743,6092965.781303191,6092965.781303191,0.0,False,no_commitment,False,29214.67326313358,residential_property,17576082.081139773,18175511.41572301,17576082.081139773,False,True,True,0.0,0.0,none,UNRATED,0,0
EXP-0000050,BOR-0000050,GRP-000010,2026-06-30,mortgage,mortgage,individual,True,False,True,False,0.0,0.0,mortgage,Households,South,INR,A,A,0.0013922189535507674,0.29541058325964525,2018-06-12,1.5048849808054712,1.5048849808054712,3626199.3677224577,3626199.3677224577,0.0,False,no_commitment,False,7557.926232907702,residential_property,4100470.9545635763,4006312.515650786,4100470.9545635763,False,True,True,0.0,0.0,none,UNRATED,5,0
EXP-0000051,BOR-0000051,GRP-000010,2026-06-30,mortgage,mortgage,individual,True,False,True,False,0.0,0.0,mortgage,Households,North,INR,A,A,0.0012576581782208242,0.3946003551277411,2016-11-19,0.982355255028989,0.982355255028989,4564191.416913948,4564191.416913948,0.0,False,no_commitment,False,27518.10639777262,residential_property,5338062.813526936,5514644.930956849,5338062.813526936,False,True,True,0.0,0.0,none,UNRATED,60,0
EXP-0000052,BOR-0000052,GRP-000010,2026-06-30,mortgage,mortgage,individual,True,False,True,False,0.0,0.0,mortgage,Households,West,INR,AA,AA,0.0006800246796055313,0.16715573006310996,2019-05-08,0.25,0.25,1620477.8880579174,1620477.8880579174,0.0,False,no_commitment,False,4928.488656585345,residential_property,2141959.097089175,2167527.7884830036,2141959.097089175,False,True,True,0.0,0.0,none,UNRATED,30,0
EXP-0000053,BOR-0000053,GRP-000010,2026-06-30,mortgage,mortgage,individual,True,False,True,False,0.0,0.0,mortgage,Households,West,INR,BB,BB,0.013028159105824307,0.1751778469194576,2022-09-19,1.0686648473814695,1.0686648473814695,5934801.204575484,5934801.204575484,0.0,False,no_commitment,False,68171.1105501899,residential_property,8583136.812766356,8806086.225815345,8583136.812766356,False,True,True,0.0,0.0,none,UNRATED,15,0
EXP-0000054,BOR-0000054,GRP-000010,2026-06-30,mortgage,mortgage,individual,True,False,True,False,0.0,0.0,mortgage,Households,West,INR,BBB,BBB,0.003405553809366059,0.1448735274841735,2022-06-21,0.8002804090705649,0.8002804090705649,14365671.047991097,14365671.047991097,0.0,False,no_commitment,False,116628.77663710862,residential_property,20035002.500039145,18713922.394604977,20035002.500039145,False,True,True,0.0,0.0,none,UNRATED,0,0
EXP-0000055,BOR-0000055,GRP-000011,2026-06-30,mortgage,mortgage,individual,True,False,True,False,0.0,0.0,mortgage,Households,South,INR,BB,BB,0.013975639881265002,0.2865466217514743,2022-05-22,3.0965454522204445,3.0965454522204445,1540213.5014715595,1540213.5014715595,0.0,False,no_commitment,False,7497.6453040289325,residential_property,1688867.4207561363,1790122.9351271177,1688867.4207561363,False,True,True,0.0,0.0,none,UNRATED,30,0
EXP-0000056,BOR-0000056,GRP-000011,2026-06-30,mortgage,mortgage,individual,True,False,True,False,0.0,0.0,mortgage,Households,South,INR,BB,BB,0.0179351271288115,0.12790215902199858,2023-04-17,0.38316416829452116,0.38316416829452116,4406138.544479236,4406138.544479236,0.0,False,no_commitment,False,36877.63731932212,residential_property,11805848.405117126,11520014.728626257,11805848.405117126,False,True,True,0.0,0.0,none,UNRATED,15,0
EXP-0000057,BOR-0000057,GRP-000011,2026-06-30,mortgage,mortgage,individual,True,False,True,False,0.0,0.0,mortgage,Households,West,INR,BBB,BBB,0.004157741725261046,0.290321257409765,2020-05-02,1.061973454024784,1.061973454024784,2100786.222896814,2100786.222896814,0.0,False,no_commitment,False,19202.211773268802,residential_property,2647029.1509876125,2549290.36942086,2647029.1509876125,False,True,True,0.0,0.0,none,UNRATED,5,0
EXP-0000058,BOR-0000058,GRP-000011,2026-06-30,mortgage,mortgage,individual,True,False,True,False,0.0,0.0,mortgage,Households,West,INR,BBB,BBB,0.003928863686353366,0.11101823670751856,2024-01-12,1.792524124579833,1.792524124579833,20105771.381010152,20105771.381010152,0.0,False,no_commitment,False,110683.22471417389,residential_property,37016925.25843602,36370250.19701793,37016925.25843602,False,True,True,0.0,0.0,none,UNRATED,0,0
EXP-0000059,BOR-0000059,GRP-000011,2026-06-30,mortgage,mortgage,individual,True,False,True,False,0.0,0.0,mortgage,Households,West,INR,A,A,0.0011589530442472303,0.2626732431242923,2018-02-12,6.089525099269814,6.089525099269814,7834398.322409006,7834398.322409006,0.0,False,no_commitment,False,82941.13850279993,residential_property,9667596.14466604,9276712.920492414,9667596.14466604,False,True,True,0.0,0.0,none,UNRATED,15,0
EXP-0000060,BOR-0000060,GRP-000012,2026-06-30,mortgage,mortgage,individual,True,False,True,False,0.0,0.0,mortgage,Households,North,INR,A,A,0.0012211311304801801,0.053800511479303564,2021-03-28,2.5258899213946884,2.5258899213946884,4204404.816133652,4204404.816133652,0.0,False,no_commitment,False,41317.76324269532,residential_property,7432374.82869129,8020031.073245962,7432374.82869129,True,False,True,0.0,0.0,none,UNRATED,15,0
EXP-0000061,BOR-0000061,GRP-000012,2026-06-30,mortgage,mortgage,individual,True,False,True,False,0.0,0.0,mortgage,Households,North,INR,BBB,BBB,0.003177772793193097,0.22618274886875325,2023-08-15,3.378180350357525,3.378180350357525,1575620.4152848688,1575620.4152848688,0.0,False,no_commitment,False,14379.020192423646,residential_property,1994032.4433409274,2040681.5344969768,1994032.4433409274,False,True,True,0.0,0.0,none,UNRATED,0,0
EXP-0000062,BOR-0000062,GRP-000012,2026-06-30,mortgage,mortgage,individual,True,False,True,False,0.0,0.0,mortgage,Households,North,INR,BBB,BBB,0.00506081522195617,0.08955669567567597,2025-03-07,2.2779722343310875,2.2779722343310875,1843796.0552096856,1843796.0552096856,0.0,False,no_commitment,False,9553.64758191276,residential_property,4532912.329238997,4820416.000275961,4532912.329238997,False,True,True,0.0,0.0,none,UNRATED,0,0
EXP-0000063,BOR-0000063,GRP-000012,2026-06-30,mortgage,mortgage,individual,True,False,True,False,0.0,0.0,mortgage,Households,East,INR,BBB,BBB,0.004400841282797888,0.14072958050061168,2019-06-07,0.9716769331168528,0.9716769331168528,5685058.385170391,5685058.385170391,0.0,False,no_commitment,False,47508.22688376488,residential_property,14872131.35538569,15945366.862168105,14872131.35538569,True,False,True,0.0,0.0,none,UNRATED,60,0
EXP-0000064,BOR-0000064,GRP-000012,2026-06-30,mortgage,mortgage,individual,True,False,True,False,0.0,0.0,mortgage,Households,South,INR,BB,BB,0.01284504982500397,0.20262361650345267,2023-08-15,0.49439913353633985,0.49439913353633985,1443604.397490193,1443604.397490193,0.0,False,no_commitment,False,10719.724958586163,residential_property,2218270.2484361995,2247104.4248380237,2218270.2484361995,False,True,True,0.0,0.0,none,UNRATED,15,0
EXP-0000065,BOR-0000065,GRP-000013,2026-06-30,mortgage,mortgage,individual,True,False,True,False,0.0,0.0,mortgage,Households,West,INR,BBB,BBB,0.003613610695812957,0.2518988129941437,2018-04-13,2.464722955623112,2.464722955623112,1473350.3680993265,1473350.3680993265,0.0,False,no_commitment,False,12470.382292296716,residential_property,1611909.9817437115,1689415.3797310146,1611909.9817437115,False,True,True,0.0,0.0,none,UNRATED,5,0
EXP-0000066,BOR-0000066,GRP-000013,2026-06-30,mortgage,mortgage,individual,True,False,True,False,0.0,0.0,mortgage,Households,North,INR,BBB,BBB,0.0034478199384038117,0.22761074445731508,2019-12-04,1.3963164882786014,1.3963164882786014,3520148.903529957,3520148.903529957,0.0,False,no_commitment,False,19105.910040423878,residential_property,4624665.353118506,4924557.803669927,4624665.353118506,False,True,True,0.0,0.0,none,UNRATED,5,0
EXP-0000067,BOR-0000067,GRP-000013,2026-06-30,mortgage,mortgage,individual,True,False,True,False,0.0,0.0,mortgage,Households,West,INR,BBB,BBB,0.003410433271010095,0.19568673377753906,2018-12-09,1.43330284197557,1.43330284197557,3817072.637955323,3817072.637955323,0.0,False,no_commitment,False,33229.35571026839,residential_property,5022798.022216457,4741528.4398697,5022798.022216457,False,True,True,0.0,0.0,none,UNRATED,5,0
EXP-0000068,BOR-0000068,GRP-000013,2026-06-30,mortgage,mortgage,individual,True,False,True,False,0.0,0.0,mortgage,Households,East,INR,BBB,BBB,0.0043455335467090924,0.23347366695745278,2024-01-12,1.119183861244736,1.119183861244736,4480718.3662052555,4480718.3662052555,0.0,False,no_commitment,False,16279.01638970208,residential_property,5489509.306817923,5286756.275871128,5489509.306817923,False,True,True,0.0,0.0,none,UNRATED,30,0
EXP-0000069,BOR-0000069,GRP-000013,2026-06-30,mortgage,mortgage,individual,True,False,True,False,0.0,0.0,mortgage,Households,North,INR,AA,AA,0.0005697360226936441,0.15645254616931886,2025-01-06,4.003924446974046,4.003924446974046,2630230.605155056,2630230.605155056,0.0,False,no_commitment,False,15885.46646708221,residential_property,4365426.470343567,4296707.3154207375,4365426.470343567,True,False,True,0.0,0.0,none,UNRATED,0,0
EXP-0000070,BOR-0000070,GRP-000014,2026-06-30,mortgage,mortgage,individual,True,False,True,False,0.0,0.0,mortgage,Households,West,INR,BBB,BBB,0.005817697442896134,0.1788679638277942,2022-05-22,0.4244504195705312,0.4244504195705312,6365280.0118732285,6365280.0118732285,0.0,False,no_commitment,False,42378.98901709646,residential_property,8225711.292409212,8387385.76700942,8225711.292409212,False,True,True,0.0,0.0,none,UNRATED,0,0
EXP-0000071,BOR-0000071,GRP-000014,2026-06-30,mortgage,mortgage,individual,True,False,True,False,0.0,0.0,mortgage,Households,West,INR,A,A,0.0018786057446604021,0.09404365509613691,2016-11-19,6.76130803580702,6.76130803580702,1998872.7667845795,1998872.7667845795,0.0,False,no_commitment,False,9807.744716676973,residential_property,3497861.926570395,3648016.526144051,3497861.926570395,False,True,True,0.0,0.0,none,UNRATED,0,0
EXP-0000072,BOR-0000072,GRP-000014,2026-06-30,mortgage,mortgage,individual,True,False,True,False,0.0,0.0,mortgage,Households,North,INR,BBB,BBB,0.005063210774121031,0.17833352289289803,2021-09-24,4.824227978999155,4.824227978999155,5259741.064765651,5259741.064765651,0.0,False,no_commitment,False,4753.205811363834,residential_property,8529990.434330158,8318452.477887957,8529990.434330158,False,True,True,0.0,0.0,none,UNRATED,0,0
EXP-0000073,BOR-0000073,GRP-000014,2026-06-30,mortgage,mortgage,individual,True,False,True,False,0.0,0.0,mortgage,Households,South,INR,BB,BB,0.016926737233823888,0.13313691533199704,2019-11-04,3.7629749632104255,3.7629749632104255,4022652.092575535,4022652.092575535,0.0,False,no_commitment,False,46901.61192848223,residential_property,6307810.43470134,6653669.043241817,6307810.43470134,False,True,True,0.0,0.0,none,UNRATED,0,0
EXP-0000074,BOR-0000074,GRP-000014,2026-06-30,mortgage,mortgage,individual,True,False,True,False,0.0,0.0,mortgage,Households,East,INR,A,A,0.0013901149970579239,0.17623842233810924,2017-06-17,0.7898533121381163,0.7898533121381163,5171614.251685566,5171614.251685566,0.0,False,no_commitment,False,25257.966726962826,residential_property,8958894.88136781,9180159.659340244,8958894.88136781,False,True,True,0.0,0.0,none,UNRATED,0,0
EXP-0000075,BOR-0000075,GRP-000015,2026-06-30,mortgage,mortgage,individual,True,False,True,False,0.0,0.0,mortgage,Households,West,INR,A,A,0.0016704072639461434,0.10355616349825024,2023-10-14,0.7653314563883373,0.7653314563883373,7546332.640330243,7546332.640330243,0.0,False,no_commitment,False,66797.68205849282,residential_property,11455161.1625227,11220599.94683857,11455161.1625227,False,True,True,0.0,0.0,none,UNRATED,0,0
EXP-0000076,BOR-0000076,GRP-000015,2026-06-30,mortgage,mortgage,individual,True,False,True,False,0.0,0.0,mortgage,Households,West,INR,A,A,0.0014087111707660627,0.18496164329403297,2022-03-23,1.3710485376721644,1.3710485376721644,2603344.446970681,2603344.446970681,0.0,False,no_commitment,False,19309.956579922386,residential_property,4153885.572619187,4273991.892310777,4153885.572619187,False,True,True,0.0,0.0,none,UNRATED,0,0
EXP-0000077,BOR-0000077,GRP-000015,2026-06-30,mortgage,mortgage,individual,True,False,True,False,0.0,0.0,mortgage,Households,South,INR,A,A,0.00201156856280716,0.12028850006914502,2021-01-27,0.33232935906838557,0.33232935906838557,2277464.0673933486,2277464.0673933486,0.0,False,no_commitment,False,7126.751060701715,residential_property,4143126.5979725067,4376490.376204868,4143126.5979725067,False,True,True,0.0,0.0,none,UNRATED,0,0
EXP-0000078,BOR-0000078,GRP-000015,2026-06-30,mortgage,mortgage,individual,True,False,True,False,0.0,0.0,mortgage,Households,North,INR,BBB,BBB,0.004301933832407656,0.15708607818810652,2016-09-20,1.2180709131763776,1.2180709131763776,1168016.5186628662,1168016.5186628662,0.0,False,no_commitment,False,1468.932330004706,residential_property,1807801.671091053,1760350.8980721564,1807801.671091053,False,True,True,0.0,0.0,none,UNRATED,0,0
EXP-0000079,BOR-0000079,GRP-000015,2026-06-30,mortgage,mortgage,individual,True,False,True,False,0.0,0.0,mortgage,Households,South,INR,BBB,BBB,0.004193430884250745,0.1866439447057486,2018-07-12,2.439574791759455,2.439574791759455,942152.2494415491,942152.2494415491,0.0,False,no_commitment,False,5296.244135166603,residential_property,1352898.759451936,1328434.4480686362,1352898.759451936,False,True,True,0.0,436120.7097668515,eligible_bank,AA,15,0
EXP-0000080,BOR-0000080,GRP-000016,2026-06-30,mortgage,mortgage,individual,True,False,True,False,0.0,0.0,mortgage,Households,Central,INR,BB,BB,0.015347050110286121,0.06939382718817724,2025-02-05,6.11096952448418,6.11096952448418,3121706.3699061507,3121706.3699061507,0.0,False,no_commitment,False,20493.836454703258,residential_property,6462851.484258139,6661218.544382202,6462851.484258139,False,True,True,0.0,0.0,none,UNRATED,5,0
EXP-0000081,BOR-0000081,GRP-000016,2026-06-30,mortgage,mortgage,individual,True,False,True,False,0.0,0.0,mortgage,Households,East,INR,BBB,BBB,0.005471442638016549,0.23947893904502396,2018-12-09,0.26667042741365243,0.26667042741365243,3263737.776949231,3263737.776949231,0.0,False,no_commitment,False,20020.00765281611,residential_property,4404697.077184275,4355239.148489977,4404697.077184275,False,True,True,0.0,0.0,none,UNRATED,60,0
EXP-0000082,BOR-0000082,GRP-000016,2026-06-30,mortgage,mortgage,individual,True,False,True,False,0.0,0.0,mortgage,Households,North,INR,BBB,BBB,0.0030901489728605816,0.12009103546247833,2016-08-21,3.287027435759523,3.287027435759523,1727730.9152795824,1727730.9152795824,0.0,False,no_commitment,False,16391.737238366164,residential_property,2947972.091792252,2795935.9493543324,2947972.091792252,False,True,True,0.0,0.0,none,UNRATED,15,0
EXP-0000083,BOR-0000083,GRP-000016,2026-06-30,mortgage,mortgage,individual,True,False,True,False,0.0,0.0,mortgage,Households,West,INR,BB,BB,0.02088313739446908,0.15535260447905816,2019-04-08,2.0056629814951723,2.0056629814951723,1986845.417435594,1986845.417435594,0.0,False,no_commitment,False,15081.787293753288,residential_property,2823448.268304219,2983443.356453537,2823448.268304219,False,True,True,0.0,0.0,none,UNRATED,0,0
EXP-0000084,BOR-0000084,GRP-000016,2026-06-30,mortgage,mortgage,individual,True,False,True,False,0.0,0.0,mortgage,Households,West,INR,A,A,0.001450571218668725,0.19865693463315287,2022-07-21,1.2882140236728417,1.2882140236728417,9421628.737737674,9421628.737737674,0.0,False,no_commitment,False,100990.92272153196,residential_property,16918006.316789746,16110122.636299016,16918006.316789746,False,True,True,0.0,0.0,none,UNRATED,30,0
EXP-0000085,BOR-0000085,GRP-000017,2026-06-30,mortgage,mortgage,individual,True,False,True,False,0.0,0.0,mortgage,Households,West,INR,AA,AA,0.0004658309684004824,0.23319462150820985,2024-01-12,1.6761407413832585,1.6761407413832585,6184578.3201335585,6184578.3201335585,0.0,False,no_commitment,False,20451.85419280775,residential_property,7288113.760325829,6992324.542809332,7288113.760325829,False,True,True,0.0,0.0,none,UNRATED,30,0
EXP-0000086,BOR-0000086,GRP-000017,2026-06-30,mortgage,mortgage,individual,True,False,True,False,0.0,0.0,mortgage,Households,East,INR,A,A,0.0013100526882106856,0.20843929474048817,2017-11-14,1.4892170880922673,1.4892170880922673,1541442.243516059,1541442.243516059,0.0,False,no_commitment,False,10069.12854236573,residential_property,1851494.045991392,1960455.3426592103,1851494.045991392,False,True,True,0.0,887423.4087340207,eligible_bank,AA,0,0
EXP-0000087,BOR-0000087,GRP-000017,2026-06-30,mortgage,mortgage,individual,True,False,True,False,0.0,0.0,mortgage,Households,South,INR,BB,BB,0.01114404075740976,0.14845198220600211,2025-05-06,2.7270847686189437,2.7270847686189437,2625409.1098411456,2625409.1098411456,0.0,False,no_commitment,False,7393.678387883684,residential_property,5340496.817287272,5461795.257938242,5340496.817287272,False,True,True,0.0,0.0,none,UNRATED,5,0
EXP-0000088,BOR-0000088,GRP-000017,2026-06-30,mortgage,mortgage,individual,True,False,True,False,0.0,0.0,mortgage,Households,East,INR,BBB,BBB,0.004499438338525072,0.21710665500589219,2017-12-14,0.9788486678913142,0.9788486678913142,4557000.9377864245,4557000.9377864245,0.0,False,no_commitment,False,39626.14485650627,residential_property,6001977.984545362,5936300.124139545,6001977.984545362,False,True,True,0.0,0.0,none,UNRATED,0,0
EXP-0000089,BOR-0000089,GRP-000017,2026-06-30,mortgage,mortgage,individual,True,False,True,False,0.0,0.0,mortgage,Households,Central,INR,A,A,0.00124429907205907,0.3090110709058741,2020-06-01,2.614388039804127,2.614388039804127,2329304.680513735,2329304.680513735,0.0,False,no_commitment,False,3046.2006224624897,residential_property,2543280.6343120704,2495185.918444132,2543280.6343120704,False,True,True,0.0,1293107.5053900415,eligible_bank,AA,60,0
EXP-0000090,BOR-0000090,GRP-000018,2026-06-30,mortgage,mortgage,individual,True,False,True,False,0.0,0.0,mortgage,Households,North,INR,BBB,BBB,0.004123302999320434,0.122919524181601,2022-09-19,3.855401357979969,3.855401357979969,2069094.379004952,2069094.379004952,0.0,False,no_commitment,False,19142.973905231793,residential_property,4066539.4324342767,3860438.3499081354,4066539.4324342767,False,True,True,0.0,0.0,none,UNRATED,5,0
EXP-0000091,BOR-0000091,GRP-000018,2026-06-30,mortgage,mortgage,individual,True,False,True,False,0.0,0.0,mortgage,Households,West,INR,A,A,0.0018397398459205833,0.15342971179875703,2024-10-08,1.3124483847414437,1.3124483847414437,2809209.7303383886,2809209.7303383886,0.0,False,no_commitment,False,8314.187093123668,residential_property,5378765.766717605,5006913.359188739,5378765.766717605,False,True,True,0.0,0.0,none,UNRATED,0,0
EXP-0000092,BOR-0000092,GRP-000018,2026-06-30,mortgage,mortgage,individual,True,False,True,False,0.0,0.0,mortgage,Households,West,INR,BBB,BBB,0.0035442668067400215,0.29471928062927416,2021-07-26,2.986002833444314,2.986002833444314,7111353.162789834,7111353.162789834,0.0,False,no_commitment,False,15782.386874174308,residential_property,8945547.206602063,9531547.750049425,8945547.206602063,False,True,True,0.0,0.0,none,UNRATED,30,0
EXP-0000093,BOR-0000093,GRP-000018,2026-06-30,mortgage,mortgage,individual,True,False,True,False,0.0,0.0,mortgage,Households,East,INR,BBB,BBB,0.0038115491074129076,0.09347499246977702,2023-07-16,2.752455102241976,2.752455102241976,7543406.082761616,7543406.082761616,0.0,False,no_commitment,False,45763.08552325617,residential_property,16846245.531617556,15619112.341736866,16846245.531617556,False,True,True,0.0,0.0,none,UNRATED,60,0
EXP-0000094,BOR-0000094,GRP-000018,2026-06-30,mortgage,mortgage,individual,True,False,True,False,0.0,0.0,mortgage,Households,West,INR,BBB,BBB,0.003163529615972135,0.10393928202569389,2022-08-20,1.8829688166899134,1.8829688166899134,2169989.9515735763,2169989.9515735763,0.0,False,no_commitment,False,12957.350351455982,residential_property,4034767.4967963253,3751803.7826427137,4034767.4967963253,False,True,True,0.0,0.0,none,UNRATED,0,0
EXP-0000095,BOR-0000095,GRP-000019,2026-06-30,mortgage,mortgage,individual,True,False,True,False,0.0,0.0,mortgage,Households,West,INR,BBB,BBB,0.0037299322931060217,0.06390833819306421,2021-09-24,6.163144067423751,6.163144067423751,4721474.665852543,4721474.665852543,0.0,False,no_commitment,False,7137.20505465612,residential_property,9490269.52172518,9873071.466952369,9490269.52172518,False,True,True,0.0,0.0,none,UNRATED,5,0
EXP-0000096,BOR-0000096,GRP-000019,2026-06-30,mortgage,mortgage,individual,True,False,True,False,0.0,0.0,mortgage,Households,West,INR,BBB,BBB,0.006357394436845579,0.23706988817039285,2016-11-19,1.0159772284365367,1.0159772284365367,3485443.616151737,3485443.616151737,0.0,False,no_commitment,False,21139.56012192397,residential_property,4372807.190096942,4648289.779254789,4372807.190096942,False,True,True,0.0,0.0,none,UNRATED,30,0
EXP-0000097,BOR-0000097,GRP-000019,2026-06-30,mortgage,mortgage,individual,True,False,True,False,0.0,0.0,mortgage,Households,North,INR,BBB,BBB,0.004601223887744191,0.1253400047338842,2021-04-27,3.7961829089048256,3.7961829089048256,1817405.434216456,1817405.434216456,0.0,False,no_commitment,False,9985.559078589962,residential_property,3290690.5799776367,3401106.4766638516,3290690.5799776367,True,False,True,0.0,0.0,none,UNRATED,0,0
EXP-0000098,BOR-0000098,GRP-000019,2026-06-30,mortgage,mortgage,individual,True,False,True,False,0.0,0.0,mortgage,Households,West,INR,A,A,0.001430199053315403,0.19427579630028535,2021-06-26,1.4503797207278497,1.4503797207278497,2885402.8748792573,2885402.8748792573,0.0,False,no_commitment,False,5247.817984479309,residential_property,4641766.425085882,4450211.112746935,4641766.425085882,False,True,True,0.0,1692276.2296837203,eligible_bank,AA,60,0
EXP-0000099,BOR-0000099,GRP-000019,2026-06-30,mortgage,mortgage,individual,True,False,True,False,0.0,0.0,mortgage,Households,East,INR,A,A,0.00134361166631374,0.11899859545726468,2019-07-07,6.049772979337864,6.049772979337864,1538812.0863995685,1538812.0863995685,0.0,False,no_commitment,False,9603.216568172696,residential_property,2835031.2338299737,2730997.0016836273,2835031.2338299737,False,True,True,0.0,950055.642809006,eligible_bank,AA,0,0
EXP-0000100,BOR-0000100,GRP-000020,2026-06-30,mortgage,mortgage,individual,True,False,True,False,0.0,0.0,mortgage,Households,South,INR,B,B,0.049617767941460944,0.2494564502975602,2017-03-19,5.459505105637794,5.459505105637794,7453985.625629415,7453985.625629415,0.0,False,no_commitment,False,8160.471507876099,residential_property,8614861.517239716,9250814.585326856,8614861.517239716,False,True,True,0.0,0.0,none,UNRATED,0,0
EXP-0000101,BOR-0000101,GRP-000020,2026-06-30,mortgage,mortgage,individual,True,False,True,False,0.0,0.0,mortgage,Households,West,INR,B,B,0.051184263988089874,0.12685067925329968,2025-01-06,0.2892533382527364,0.2892533382527364,9601024.353023343,9601024.353023343,0.0,False,no_commitment,False,42011.56783650087,residential_property,18325915.387929656,18912586.602565482,18325915.387929656,False,True,True,0.0,0.0,none,UNRATED,0,0
EXP-0000102,BOR-0000102,GRP-000020,2026-06-30,mortgage,mortgage,individual,True,False,True,False,0.0,0.0,mortgage,Households,South,INR,BBB,BBB,0.003709369120711157,0.11180419652130695,2022-02-21,3.8622183885735155,3.8622183885735155,2680197.445417416,2680197.445417416,0.0,False,no_commitment,False,4260.809075320729,residential_property,6222771.586056478,6549148.034788587,6222771.586056478,False,True,True,0.0,0.0,none,UNRATED,15,0
EXP-0000103,BOR-0000103,GRP-000020,2026-06-30,mortgage,mortgage,individual,True,False,True,False,0.0,0.0,mortgage,Households,Central,INR,A,A,0.0016501657927958015,0.1328812903447026,2019-09-05,1.271252879551129,1.271252879551129,2295295.0913174907,2295295.0913174907,0.0,False,no_commitment,False,19697.46585381928,residential_property,5412853.5287172105,5366404.906505894,5412853.5287172105,False,True,True,0.0,0.0,none,UNRATED,30,0
EXP-0000104,BOR-0000104,GRP-000020,2026-06-30,mortgage,mortgage,individual,True,False,True,False,0.0,0.0,mortgage,Households,South,INR,B,B,0.042114936214772754,0.22785311990896576,2022-04-22,3.0302237727892565,3.0302237727892565,6946579.311145127,6946579.311145127,0.0,False,no_commitment,False,79838.84465813407,residential_property,8816327.11810946,9206394.191995578,8816327.11810946,False,True,True,0.0,0.0,none,UNRATED,0,0
EXP-0000105,BOR-0000105,GRP-000021,2026-06-30,mortgage,mortgage,individual,True,False,True,False,0.0,0.0,mortgage,Households,West,INR,BB,BB,0.0126232508572802,0.24394588670364503,2017-10-15,1.2788320427778184,1.2788320427778184,7715719.799233685,7715719.799233685,0.0,False,no_commitment,False,84680.5527819124,residential_property,9642274.477119341,10383991.40454963,9642274.477119341,False,True,True,0.0,0.0,none,UNRATED,0,0
EXP-0000106,BOR-0000106,GRP-000021,2026-06-30,mortgage,mortgage,individual,True,False,True,False,0.0,0.0,mortgage,Households,North,INR,BB,BB,0.01603358177059793,0.25157131901862223,2023-05-17,2.987861557422255,2.987861557422255,1696208.6545768725,1696208.6545768725,0.0,False,no_commitment,False,12845.306769749766,residential_property,1922584.7956648006,1878509.9595449723,1922584.7956648006,False,True,True,0.0,0.0,none,UNRATED,30,0
EXP-0000107,BOR-0000107,GRP-000021,2026-06-30,mortgage,mortgage,individual,True,False,True,False,0.0,0.0,mortgage,Households,Central,INR,BBB,BBB,0.0032411844872450974,0.13925271177222123,2016-09-20,3.710257412901363,3.710257412901363,3178895.895423129,3178895.895423129,0.0,False,no_commitment,False,6781.89748274377,residential_property,6976854.5688024545,6776504.885827485,6976854.5688024545,False,True,True,0.0,0.0,none,UNRATED,0,0
EXP-0000108,BOR-0000108,GRP-000021,2026-06-30,mortgage,mortgage,individual,True,False,True,False,0.0,0.0,mortgage,Households,South,INR,A,A,0.0017103332141773276,0.17549036387304198,2020-03-03,0.9395515599196191,0.9395515599196191,3368451.0727597396,3368451.0727597396,0.0,False,no_commitment,False,4690.764145849521,residential_property,5340864.852403082,4950296.108500938,5340864.852403082,True,False,True,0.0,0.0,none,UNRATED,0,0
EXP-0000109,BOR-0000109,GRP-000021,2026-06-30,mortgage,mortgage,individual,True,False,True,False,0.0,0.0,mortgage,Households,North,INR,A,A,0.0014961491860515164,0.33228691634489554,2020-10-29,0.4146848858724947,0.4146848858724947,2120725.8043188127,2120725.8043188127,0.0,False,no_commitment,False,10716.818170545037,residential_property,1958845.0849146065,2033131.5520809307,1958845.0849146065,False,True,True,0.0,1545411.1570024947,eligible_bank,AA,0,0
EXP-0000110,BOR-0000110,GRP-000022,2026-06-30,mortgage,mortgage,individual,True,False,True,False,0.0,0.0,mortgage,Households,West,INR,B,B,0.03598129953243686,0.14595610596354555,2023-11-13,4.181218046019707,4.181218046019707,4498081.936831933,4498081.936831933,0.0,False,no_commitment,False,42950.68752062588,residential_property,7271317.544714497,6969610.124952327,7271317.544714497,False,True,True,0.0,0.0,none,UNRATED,15,0
EXP-0000111,BOR-0000111,GRP-000022,2026-06-30,mortgage,mortgage,individual,True,False,True,False,0.0,0.0,mortgage,Households,West,INR,BBB,BBB,0.004079621456005362,0.12401564639136912,2020-12-28,3.23279975235213,3.23279975235213,2220646.790872747,2220646.790872747,0.0,False,no_commitment,False,3219.8561966051207,residential_property,3867236.8290085164,3714967.459498479,3867236.8290085164,False,True,True,0.0,0.0,none,UNRATED,30,0
EXP-0000112,BOR-0000112,GRP-000022,2026-06-30,mortgage,mortgage,individual,True,False,True,False,0.0,0.0,mortgage,Households,North,INR,A,A,0.0011075370938362621,0.12595436511057992,2017-03-19,2.8168294799587406,2.8168294799587406,2463525.5737554138,2463525.5737554138,0.0,False,no_commitment,False,28972.139056901215,residential_property,3696609.819986016,3774686.4777236083,3696609.819986016,False,True,True,0.0,0.0,none,UNRATED,60,0
EXP-0000113,BOR-0000113,GRP-000022,2026-06-30,mortgage,mortgage,individual,True,False,True,False,0.0,0.0,mortgage,Households,South,INR,BBB,BBB,0.004531710775594116,0.19123543680183408,2025-08-04,1.7048608833122352,1.7048608833122352,3276874.9009005222,3276874.9009005222,0.0,False,no_commitment,False,10577.889497366117,residential_property,4311157.714523823,4475898.037064863,4311157.714523823,False,True,True,0.0,0.0,none,UNRATED,30,0
EXP-0000114,BOR-0000114,GRP-000022,2026-06-30,mortgage,mortgage,individual,True,False,True,False,0.0,0.0,mortgage,Households,North,INR,BBB,BBB,0.0038248749802974593,0.23366697828867944,2019-06-07,0.6281611140259713,0.6281611140259713,1329592.4743920097,1329592.4743920097,0.0,False,no_commitment,False,1773.4497532841274,residential_property,1755817.8847066327,1729825.0914479143,1755817.8847066327,False,True,True,0.0,0.0,none,UNRATED,0,0
EXP-0000115,BOR-0000115,GRP-000023,2026-06-30,mortgage,mortgage,individual,True,False,True,False,0.0,0.0,mortgage,Households,East,INR,A,A,0.0020931294008272746,0.15614555828197324,2018-03-14,1.3008144780476518,1.3008144780476518,919494.0949424338,919494.0949424338,0.0,False,no_commitment,False,10941.231840386914,residential_property,1625850.0096089286,1741491.316992113,1625850.0096089286,False,True,True,0.0,0.0,none,UNRATED,0,0
EXP-0000116,BOR-0000116,GRP-000023,2026-06-30,mortgage,mortgage,individual,True,False,True,False,0.0,0.0,mortgage,Households,West,INR,BB,BB,0.018190264130890386,0.14047779183698278,2022-05-22,1.126036444014163,1.126036444014163,6357530.442937106,6357530.442937106,0.0,False,no_commitment,False,7293.701354568219,residential_property,11142927.511125142,10539804.048332404,11142927.511125142,True,False,True,0.0,0.0,none,UNRATED,15,0
EXP-0000117,BOR-0000117,GRP-000023,2026-06-30,mortgage,mortgage,individual,True,False,True,False,0.0,0.0,mortgage,Households,West,INR,BB,BB,0.012392922579903574,0.11376960698921725,2024-05-11,3.714178572633641,3.714178572633641,2163122.891311493,2163122.891311493,0.0,False,no_commitment,False,13266.865006266878,residential_property,3491150.1642409186,3506427.43226753,3491150.1642409186,False,True,True,0.0,0.0,none,UNRATED,0,0
EXP-0000118,BOR-0000118,GRP-000023,2026-06-30,mortgage,mortgage,individual,True,False,True,False,0.0,0.0,mortgage,Households,West,INR,BB,BB,0.010426149502247102,0.15425615826281316,2016-09-20,0.25,0.25,14019155.192243854,14019155.192243854,0.0,False,no_commitment,False,91844.49863696516,residential_property,25681504.792919096,26163617.021563057,25681504.792919096,False,True,True,0.0,0.0,none,UNRATED,5,0
EXP-0000119,BOR-0000119,GRP-000023,2026-06-30,mortgage,mortgage,individual,True,False,True,False,0.0,0.0,mortgage,Households,West,INR,BBB,BBB,0.003491656044185577,0.1848201448923325,2022-05-22,1.600771133542376,1.600771133542376,12609589.801138982,12609589.801138982,0.0,False,no_commitment,False,16700.198301161217,residential_property,27406773.04176296,27921499.931987867,27406773.04176296,False,True,True,0.0,0.0,none,UNRATED,212,1
EXP-0000120,BOR-0000120,GRP-000024,2026-06-30,mortgage,mortgage,individual,True,False,True,False,0.0,0.0,mortgage,Households,West,INR,BBB,BBB,0.0032106320324676854,0.32025612302483664,2017-04-18,0.7357673332054818,0.7357673332054818,2518218.896121217,2518218.896121217,0.0,False,no_commitment,False,10464.94261036267,residential_property,2576573.761776718,2641236.0467484966,2576573.761776718,False,True,True,0.0,0.0,none,UNRATED,15,0
EXP-0000121,BOR-0000121,GRP-000024,2026-06-30,mortgage,mortgage,individual,True,False,True,False,0.0,0.0,mortgage,Households,West,INR,BBB,BBB,0.005556271094219207,0.14124846413511347,2023-06-16,4.220950394347354,4.220950394347354,16008941.591720212,16008941.591720212,0.0,False,no_commitment,False,69087.61177924182,residential_property,26645029.410580248,27215801.230168696,26645029.410580248,False,True,True,0.0,0.0,none,UNRATED,15,0
EXP-0000122,BOR-0000122,GRP-000024,2026-06-30,mortgage,mortgage,individual,True,False,True,False,0.0,0.0,mortgage,Households,North,INR,BBB,BBB,0.003992580335267887,0.11515513419771994,2023-07-16,5.612817997786328,5.612817997786328,6437797.075639844,6437797.075639844,0.0,False,no_commitment,False,55208.75362978964,residential_property,10545836.255638784,11038035.880565953,10545836.255638784,False,True,True,0.0,0.0,none,UNRATED,0,0
EXP-0000123,BOR-0000123,GRP-000024,2026-06-30,mortgage,mortgage,individual,True,False,True,False,0.0,0.0,mortgage,Households,North,INR,A,A,0.001774432214963011,0.14712890930332795,2022-02-21,5.605047294117135,5.605047294117135,2300919.893296995,2300919.893296995,0.0,False,no_commitment,False,17697.695559122265,residential_property,3736744.089589261,3924527.1927604624,3736744.089589261,False,True,True,0.0,0.0,none,UNRATED,60,0
EXP-0000124,BOR-0000124,GRP-000024,2026-06-30,mortgage,mortgage,individual,True,False,True,False,0.0,0.0,mortgage,Households,South,INR,BBB,BBB,0.003799953374774135,0.1473317716852503,2017-09-15,2.859693248268066,2.859693248268066,653486.8540225113,653486.8540225113,0.0,False,no_commitment,False,1061.604865387919,residential_property,995693.4501868342,1071756.5935296484,995693.4501868342,False,True,True,0.0,0.0,none,UNRATED,0,0
EXP-0000125,BOR-0000125,GRP-000025,2026-06-30,mortgage,mortgage,individual,True,False,True,False,0.0,0.0,mortgage,Households,East,INR,AA,AA,0.0005809063215782342,0.19447383673558152,2016-08-21,5.03337641397759,5.03337641397759,5474296.684153432,5474296.684153432,0.0,False,no_commitment,False,56107.11580166074,residential_property,7358824.131325204,7876530.225048545,7358824.131325204,False,True,True,0.0,0.0,none,UNRATED,0,0
EXP-0000126,BOR-0000126,GRP-000025,2026-06-30,mortgage,mortgage,individual,True,False,True,False,0.0,0.0,mortgage,Households,West,INR,BBB,BBB,0.0039765773900171525,0.18230724323509542,2024-05-11,1.7187106195636186,1.7187106195636186,3571927.2182190837,3571927.2182190837,0.0,False,no_commitment,False,35553.0924520237,residential_property,6044714.977502353,6063987.960360512,6044714.977502353,False,True,True,0.0,0.0,none,UNRATED,30,0
EXP-0000127,BOR-0000127,GRP-000025,2026-06-30,mortgage,mortgage,individual,True,False,True,False,0.0,0.0,mortgage,Households,East,INR,BBB,BBB,0.0048815922064647625,0.2826594626957603,2020-06-01,3.0073398848314103,3.0073398848314103,4632737.746238605,4632737.746238605,0.0,False,no_commitment,False,46655.305110230394,residential_property,5363888.906757411,5540637.687508452,5363888.906757411,True,False,True,0.0,0.0,none,UNRATED,0,0
EXP-0000128,BOR-0000128,GRP-000025,2026-06-30,mortgage,mortgage,individual,True,False,True,False,0.0,0.0,mortgage,Households,South,INR,A,A,0.0015865432042966407,0.20108126212289035,2019-06-07,3.0511282270022533,3.0511282270022533,3016265.430602502,3016265.430602502,0.0,False,no_commitment,False,1116.1494986351488,residential_property,3908959.623548532,3847935.236533065,3908959.623548532,False,True,True,0.0,0.0,none,UNRATED,0,0
EXP-0000129,BOR-0000129,GRP-000025,2026-06-30,mortgage,mortgage,individual,True,False,True,False,0.0,0.0,mortgage,Households,North,INR,A,A,0.0012400417101666112,0.15984451710618902,2022-11-18,0.8164042508964315,0.8164042508964315,1664052.6185205225,1664052.6185205225,0.0,False,no_commitment,False,3749.2648639104254,residential_property,2610085.220437645,2672997.761324816,2610085.220437645,False,True,True,0.0,0.0,none,UNRATED,15,0
EXP-0000130,BOR-0000130,GRP-000026,2026-06-30,mortgage,mortgage,individual,True,False,True,False,0.0,0.0,mortgage,Households,East,INR,BBB,BBB,0.0053566935298502705,0.12266110044915808,2022-07-21,3.126368108486317,3.126368108486317,2651685.9271173524,2651685.9271173524,0.0,False,no_commitment,False,7457.728060337441,residential_property,4762879.232895813,4387521.999330103,4762879.232895813,False,True,True,0.0,533388.9635730387,eligible_bank,AA,15,0
EXP-0000131,BOR-0000131,GRP-000026,2026-06-30,mortgage,mortgage,individual,True,False,True,False,0.0,0.0,mortgage,Households,North,INR,A,A,0.0014229871918949267,0.23269753222574313,2017-02-17,2.7089445759358823,2.7089445759358823,5540458.196893508,5540458.196893508,0.0,False,no_commitment,False,41914.029423119864,residential_property,6484333.99142062,6346962.277154893,6484333.99142062,False,True,True,0.0,3152034.379645262,eligible_bank,AA,60,0
EXP-0000132,BOR-0000132,GRP-000026,2026-06-30,mortgage,mortgage,individual,True,False,True,False,0.0,0.0,mortgage,Households,East,INR,B,B,0.0460638917156643,0.11180807015140597,2018-03-14,5.9435356713595215,5.9435356713595215,2779911.185977569,2779911.185977569,0.0,False,no_commitment,False,15287.759950156891,residential_property,4327027.704537135,4614020.530367017,4327027.704537135,False,True,True,0.0,669601.7750933066,eligible_bank,AA,15,0
EXP-0000133,BOR-0000133,GRP-000026,2026-06-30,mortgage,mortgage,individual,True,False,True,False,0.0,0.0,mortgage,Households,South,INR,BBB,BBB,0.0024036379609252453,0.14898093871792525,2023-05-17,1.9711729359603556,1.9711729359603556,2769014.169102979,2769014.169102979,0.0,False,no_commitment,False,28962.882708913963,residential_property,6036231.250598965,6205249.07887575,6036231.250598965,True,False,True,0.0,0.0,none,UNRATED,15,0
EXP-0000134,BOR-0000134,GRP-000026,2026-06-30,mortgage,mortgage,individual,True,False,True,False,0.0,0.0,mortgage,Households,West,INR,BBB,BBB,0.004483868989832392,0.2846706357842693,2023-12-13,7.196491526131389,7.196491526131389,1303641.316010128,1303641.316010128,0.0,False,no_commitment,False,9882.784503723815,residential_property,1545365.962460233,1426009.257263131,1545365.962460233,False,True,True,0.0,865803.9140795827,eligible_bank,AA,0,0
EXP-0000135,BOR-0000135,GRP-000027,2026-06-30,mortgage,mortgage,individual,True,False,True,False,0.0,0.0,mortgage,Households,West,INR,BBB,BBB,0.004073394316411391,0.0987402359237488,2023-10-14,1.0076016492984075,1.0076016492984075,3713754.210862211,3713754.210862211,0.0,False,no_commitment,False,1059.520320768581,residential_property,6795224.176815695,6819890.038202061,6795224.176815695,False,True,True,0.0,0.0,none,UNRATED,60,0
EXP-0000136,BOR-0000136,GRP-000027,2026-06-30,mortgage,mortgage,individual,True,False,True,False,0.0,0.0,mortgage,Households,South,INR,AA,AA,0.0006108896109694614,0.2095518573888392,2023-07-16,5.118432098148608,5.118432098148608,1698944.5520667234,1698944.5520667234,0.0,False,no_commitment,False,14214.932898518506,residential_property,2077850.7518734236,2033264.516521161,2077850.7518734236,False,True,True,0.0,0.0,none,UNRATED,0,0
EXP-0000137,BOR-0000137,GRP-000027,2026-06-30,mortgage,mortgage,individual,True,False,True,False,0.0,0.0,mortgage,Households,South,INR,B,B,0.04650289480972527,0.15177233525826642,2025-11-02,5.607353391104408,5.607353391104408,6358579.467888089,6358579.467888089,0.0,False,no_commitment,False,2486.125368415765,residential_property,26212893.651505712,27507917.29167028,26212893.651505712,True,False,True,0.0,0.0,none,UNRATED,0,0
EXP-0000138,BOR-0000138,GRP-000027,2026-06-30,mortgage,mortgage,individual,True,False,True,False,0.0,0.0,mortgage,Households,Central,INR,BBB,BBB,0.0036065626704584203,0.12076968995231235,2017-06-17,1.5065927705138127,1.5065927705138127,2171889.1901539704,2171889.1901539704,0.0,False,no_commitment,False,16728.443622721978,residential_property,3576142.433868931,3355763.0505925748,3576142.433868931,False,True,True,0.0,0.0,none,UNRATED,0,0
EXP-0000139,BOR-0000139,GRP-000027,2026-06-30,mortgage,mortgage,individual,True,False,True,False,0.0,0.0,mortgage,Households,East,INR,BB,BB,0.014034600211124605,0.20468814001585528,2023-10-14,3.7242783267416213,3.7242783267416213,2887974.264114341,2887974.264114341,0.0,False,no_commitment,False,9872.73077996848,residential_property,3330249.1242705933,3385698.053270892,3330249.1242705933,True,False,True,0.0,0.0,none,UNRATED,60,0
EXP-0000140,BOR-0000140,GRP-000028,2026-06-30,mortgage,mortgage,individual,True,False,True,False,0.0,0.0,mortgage,Households,West,INR,A,A,0.001630414154256354,0.15522553419760887,2019-01-08,2.3890745167358043,2.3890745167358043,14287032.193593282,14287032.193593282,0.0,False,no_commitment,False,35321.67686610833,residential_property,21296204.67207657,22018811.08745849,21296204.67207657,False,True,True,0.0,0.0,none,UNRATED,0,0
EXP-0000141,BOR-0000141,GRP-000028,2026-06-30,mortgage,mortgage,individual,True,False,True,False,0.0,0.0,mortgage,Households,South,INR,BBB,BBB,0.004487678635006479,0.2605668360907017,2022-02-21,1.5091757199035558,1.5091757199035558,2867640.9517522,2867640.9517522,0.0,False,no_commitment,False,25152.13141039913,residential_property,3716086.729711917,3772841.708115694,3716086.729711917,False,True,True,0.0,952749.8706996277,eligible_bank,AA,0,0
EXP-0000142,BOR-0000142,GRP-000028,2026-06-30,mortgage,mortgage,individual,True,False,True,False,0.0,0.0,mortgage,Households,North,INR,BBB,BBB,0.0038370685445793602,0.10168136639325275,2020-04-02,2.0660085908787,2.0660085908787,2628436.908165962,2628436.908165962,0.0,False,no_commitment,False,4063.779175982182,residential_property,5087246.945890843,4903646.225214915,5087246.945890843,False,True,True,0.0,0.0,none,UNRATED,60,0
EXP-0000143,BOR-0000143,GRP-000028,2026-06-30,mortgage,mortgage,individual,True,False,True,False,0.0,0.0,mortgage,Households,South,INR,B,B,0.05931319265749632,0.17253534226068767,2026-01-01,4.18813445208507,4.18813445208507,5121345.816670884,5121345.816670884,0.0,False,no_commitment,False,18039.285833013488,residential_property,7024106.924127374,7353611.005065309,7024106.924127374,False,True,True,0.0,0.0,none,UNRATED,15,0
EXP-0000144,BOR-0000144,GRP-000028,2026-06-30,mortgage,mortgage,individual,True,False,True,False,0.0,0.0,mortgage,Households,East,INR,BBB,BBB,0.003943540833895288,0.15418371079338378,2021-04-27,4.276976555478663,4.276976555478663,1096740.7171302936,1096740.7171302936,0.0,False,no_commitment,False,10017.785724704658,residential_property,1635369.46096493,1712191.1043726518,1635369.46096493,False,True,True,0.0,531140.482108544,eligible_bank,AA,15,0
EXP-0000145,BOR-0000145,GRP-000029,2026-06-30,mortgage,mortgage,individual,True,False,True,False,0.0,0.0,mortgage,Households,Central,INR,BBB,BBB,0.0036529446868552875,0.14749527257847597,2025-01-06,2.978717388504927,2.978717388504927,7891522.070935257,7891522.070935257,0.0,False,no_commitment,False,52180.15186764023,residential_property,11093464.257949963,10846620.724392673,11093464.257949963,False,True,True,0.0,0.0,none,UNRATED,0,0
EXP-0000146,BOR-0000146,GRP-000029,2026-06-30,mortgage,mortgage,individual,True,False,True,False,0.0,0.0,mortgage,Households,West,INR,A,A,0.0015545403570146588,0.2698902057895646,2018-09-10,2.3696868550425814,2.3696868550425814,6678036.430058809,6678036.430058809,0.0,False,no_commitment,False,54317.38515691831,residential_property,6568489.890090626,6323271.251790175,6568489.890090626,False,True,True,0.0,0.0,none,UNRATED,0,0
EXP-0000147,BOR-0000147,GRP-000029,2026-06-30,mortgage,mortgage,individual,True,False,True,False,0.0,0.0,mortgage,Households,East,INR,BBB,BBB,0.003131790249662573,0.254365837275659,2018-12-09,3.4694481316771273,3.4694481316771273,4921712.813099817,4921712.813099817,0.0,False,no_commitment,False,55587.500487380035,residential_property,5518974.969400773,5663700.219311708,5518974.969400773,False,True,True,0.0,0.0,none,UNRATED,30,0
EXP-0000148,BOR-0000148,GRP-000029,2026-06-30,mortgage,mortgage,individual,True,False,True,False,0.0,0.0,mortgage,Households,West,INR,BBB,BBB,0.00417111612867721,0.1778515631842393,2020-03-03,3.1843581642300802,3.1843581642300802,389710.7809553749,389710.7809553749,0.0,False,no_commitment,False,1286.4557085788997,residential_property,484330.0468426215,474087.00388741016,484330.0468426215,True,False,True,0.0,0.0,none,UNRATED,5,0
EXP-0000149,BOR-0000149,GRP-000029,2026-06-30,mortgage,mortgage,individual,True,False,True,False,0.0,0.0,mortgage,Households,West,INR,BBB,BBB,0.0030304210859466362,0.21390490146989152,2023-08-15,3.0004707294578457,3.0004707294578457,2956911.6568515343,2956911.6568515343,0.0,False,no_commitment,False,3837.857101282035,residential_property,3665054.166967553,3574365.662170169,3665054.166967553,False,True,True,0.0,0.0,none,UNRATED,0,0
EXP-0000150,BOR-0000150,GRP-000030,2026-06-30,mortgage,mortgage,individual,True,False,True,False,0.0,0.0,mortgage,Households,East,INR,AA,AA,0.0004986671316998578,0.1292217793068702,2019-02-07,0.6139095940114685,0.6139095940114685,1530202.2582345407,1530202.2582345407,0.0,False,no_commitment,False,2385.224924072252,residential_property,2968709.9516197722,2945225.5523218326,2968709.9516197722,False,True,True,0.0,0.0,none,UNRATED,15,0
EXP-0000151,BOR-0000151,GRP-000030,2026-06-30,mortgage,mortgage,individual,True,False,True,False,0.0,0.0,mortgage,Households,East,INR,BB,BB,0.010429994564725414,0.14994197190632044,2018-05-13,3.3214705517636722,3.3214705517636722,7267645.53036968,7267645.53036968,0.0,False,no_commitment,False,22587.353173108248,residential_property,12320318.243353112,12237704.230700444,12320318.243353112,False,True,True,0.0,0.0,none,UNRATED,0,0
EXP-0000152,BOR-0000152,GRP-000030,2026-06-30,mortgage,mortgage,individual,True,False,True,False,0.0,0.0,mortgage,Households,South,INR,BB,BB,0.014534558369607996,0.11507690769745743,2023-03-18,0.8834130460721182,0.8834130460721182,6937404.236376807,6937404.236376807,0.0,False,no_commitment,False,66437.47457582848,residential_property,16942767.36018556,17836321.759200346,16942767.36018556,True,False,True,0.0,0.0,none,UNRATED,0,0
EXP-0000153,BOR-0000153,GRP-000030,2026-06-30,mortgage,mortgage,individual,True,False,True,False,0.0,0.0,mortgage,Households,South,INR,A,A,0.002004108201488514,0.07805869680340331,2019-11-04,5.658914083640808,5.658914083640808,4504015.791267793,4504015.791267793,0.0,False,no_commitment,False,36302.821805471154,residential_property,9917015.540094987,10635513.70749822,9917015.540094987,False,True,True,0.0,0.0,none,UNRATED,0,0
EXP-0000154,BOR-0000154,GRP-000030,2026-06-30,mortgage,mortgage,individual,True,False,True,False,0.0,0.0,mortgage,Households,North,INR,BBB,BBB,0.003916586807443258,0.10560336497018008,2017-10-15,3.358200818156783,3.358200818156783,1601179.732487857,1601179.732487857,0.0,False,no_commitment,False,5716.710615241571,residential_property,3083406.2770976927,3188717.1329622753,3083406.2770976927,False,True,True,0.0,0.0,none,UNRATED,0,0
EXP-0000155,BOR-0000155,GRP-000031,2026-06-30,mortgage,mortgage,individual,True,False,True,False,0.0,0.0,mortgage,Households,West,INR,A,A,0.001684233352193146,0.18040407483914334,2021-06-26,4.1001165827775505,4.1001165827775505,9244735.046695963,9244735.046695963,0.0,False,no_commitment,False,91112.98338128516,residential_property,13900836.68350637,12985014.902401803,13900836.68350637,False,True,True,0.0,0.0,none,UNRATED,5,0
EXP-0000156,BOR-0000156,GRP-000031,2026-06-30,mortgage,mortgage,individual,True,False,True,False,0.0,0.0,mortgage,Households,North,INR,BBB,BBB,0.006108680928961287,0.1417237624377163,2020-07-01,0.26404611544691725,0.26404611544691725,2951440.1218566177,2951440.1218566177,0.0,False,no_commitment,False,24747.818518223656,residential_property,6391877.796478424,6225980.439055723,6391877.796478424,False,True,True,0.0,2310053.12100528,eligible_bank,AA,15,0
EXP-0000157,BOR-0000157,GRP-000031,2026-06-30,mortgage,mortgage,individual,True,False,True,False,0.0,0.0,mortgage,Households,West,INR,A,A,0.0016131602782665057,0.15804891611920488,2022-02-21,4.803782186006438,4.803782186006438,11316413.138196146,11316413.138196146,0.0,False,no_commitment,False,1797.2893738744574,residential_property,17059720.375123665,16212503.728310538,17059720.375123665,False,True,True,0.0,0.0,none,UNRATED,60,0
EXP-0000158,BOR-0000158,GRP-000031,2026-06-30,mortgage,mortgage,individual,True,False,True,False,0.0,0.0,mortgage,Households,South,INR,BBB,BBB,0.00348530721239225,0.13476591728864745,2021-03-28,5.063851745382212,5.063851745382212,4158957.9992833897,4158957.9992833897,0.0,False,no_commitment,False,712.1072903639271,residential_property,6459865.186591838,6628612.418401887,6459865.186591838,False,True,True,0.0,0.0,none,UNRATED,0,0
EXP-0000159,BOR-0000159,GRP-000031,2026-06-30,mortgage,mortgage,individual,True,False,True,False,0.0,0.0,mortgage,Households,South,INR,BB,BB,0.013397764338268902,0.12290817042249225,2025-11-02,0.425674990684436,0.425674990684436,4865590.963860446,4865590.963860446,0.0,False,no_commitment,False,47877.18255112323,residential_property,10196528.950470267,10356640.175645601,10196528.950470267,False,True,True,0.0,2862828.399443575,eligible_bank,AA,0,0
EXP-0000160,BOR-0000160,GRP-000032,2026-06-30,mortgage,mortgage,individual,True,False,True,False,0.0,0.0,mortgage,Households,East,INR,BB,BB,0.015001777267483122,0.26694646140216005,2023-03-18,0.5573602591845904,0.5573602591845904,2594944.4725553994,2594944.4725553994,0.0,False,no_commitment,False,5524.629403960401,residential_property,2792215.1215632427,3007753.634448731,2792215.1215632427,False,True,True,0.0,0.0,none,UNRATED,0,0
EXP-0000161,BOR-0000161,GRP-000032,2026-06-30,mortgage,mortgage,individual,True,False,True,False,0.0,0.0,mortgage,Households,West,INR,A,A,0.0013384926221854823,0.08435474148540383,2017-02-17,9.038581405153165,9.038581405153165,8734529.636998346,8734529.636998346,0.0,False,no_commitment,False,44769.19453123713,residential_property,19635629.908948254,19471307.649554797,19635629.908948254,False,True,True,0.0,0.0,none,UNRATED,5,0
EXP-0000162,BOR-0000162,GRP-000032,2026-06-30,mortgage,mortgage,individual,True,False,True,False,0.0,0.0,mortgage,Households,West,INR,B,B,0.04522126068840337,0.2609209439890474,2024-04-11,4.185495559976697,4.185495559976697,5197849.5568109695,5197849.5568109695,0.0,False,no_commitment,False,57418.143034875044,residential_property,6044396.138214244,5662833.817565403,6044396.138214244,False,True,True,0.0,0.0,none,UNRATED,5,0
EXP-0000163,BOR-0000163,GRP-000032,2026-06-30,mortgage,mortgage,individual,True,False,True,False,0.0,0.0,mortgage,Households,North,INR,A,A,0.001791065710660481,0.1206454541867574,2020-03-03,2.6631887893094874,2.6631887893094874,8940956.44739257,8940956.44739257,0.0,False,no_commitment,False,106910.68290784168,residential_property,31177813.56395585,31668644.265203703,31177813.56395585,True,False,True,0.0,0.0,none,UNRATED,0,0
EXP-0000164,BOR-0000164,GRP-000032,2026-06-30,mortgage,mortgage,individual,True,False,True,False,0.0,0.0,mortgage,Households,South,INR,AA,AA,0.0007217203851929263,0.12147998511032901,2017-06-17,0.6382393067494148,0.6382393067494148,3928134.956845015,3928134.956845015,0.0,False,no_commitment,False,26393.507311834983,residential_property,6082395.722565325,5952907.846057724,6082395.722565325,False,True,True,0.0,0.0,none,UNRATED,30,0
EXP-0000165,BOR-0000165,GRP-000033,2026-06-30,mortgage,mortgage,individual,True,False,True,False,0.0,0.0,mortgage,Households,East,INR,BBB,BBB,0.0029738390107728707,0.09790658793525267,2018-11-09,1.94825834835087,1.94825834835087,3394606.470907436,3394606.470907436,0.0,False,no_commitment,False,34052.17994780736,residential_property,7278256.798596494,6903262.300272133,7278256.798596494,False,True,True,0.0,0.0,none,UNRATED,5,0
EXP-0000166,BOR-0000166,GRP-000033,2026-06-30,mortgage,mortgage,individual,True,False,True,False,0.0,0.0,mortgage,Households,West,INR,BBB,BBB,0.0034522419062595158,0.11703268029905464,2016-12-19,2.193739308010079,2.193739308010079,5153095.357319955,5153095.357319955,0.0,False,no_commitment,False,15041.726713413285,residential_property,9222662.552340543,9032290.041280156,9222662.552340543,True,False,True,0.0,0.0,none,UNRATED,30,0
EXP-0000167,BOR-0000167,GRP-000033,2026-06-30,mortgage,mortgage,individual,True,False,True,False,0.0,0.0,mortgage,Households,West,INR,BB,BB,0.013798079439921592,0.24630417293077336,2021-05-27,1.5266599429203394,1.5266599429203394,8938915.735116381,8938915.735116381,0.0,False,no_commitment,False,41102.75545759363,residential_property,9142554.643577015,8759567.425397959,9142554.643577015,False,True,True,0.0,0.0,none,UNRATED,0,0
EXP-0000168,BOR-0000168,GRP-000033,2026-06-30,mortgage,mortgage,individual,True,False,True,False,0.0,0.0,mortgage,Households,North,INR,BB,BB,0.016707976020311766,0.1201842732846402,2018-10-10,2.898332600809625,2.898332600809625,6777716.651740967,6777716.651740967,0.0,False,no_commitment,False,63601.6660951725,residential_property,11092544.437496051,10555155.07174893,11092544.437496051,False,True,True,0.0,0.0,none,UNRATED,15,0
EXP-0000169,BOR-0000169,GRP-000033,2026-06-30,mortgage,mortgage,individual,True,False,True,False,0.0,0.0,mortgage,Households,North,INR,BBB,BBB,0.004913801935157473,0.14211304580295792,2017-07-17,4.427360048153854,4.427360048153854,3829018.2668642867,3829018.2668642867,0.0,False,no_commitment,False,44045.12723216995,residential_property,7940286.655936266,7919502.517826544,7940286.655936266,False,True,True,0.0,0.0,none,UNRATED,60,0
EXP-0000170,BOR-0000170,GRP-000034,2026-06-30,mortgage,mortgage,individual,True,False,True,False,0.0,0.0,mortgage,Households,South,INR,B,B,0.08131880011902143,0.18807113486044,2023-02-16,3.2401505884194055,3.2401505884194055,1046625.2480446848,1046625.2480446848,0.0,False,no_commitment,False,5642.624086098641,residential_property,1390128.6928298469,1459081.467655184,1390128.6928298469,False,True,True,0.0,0.0,none,UNRATED,30,0
EXP-0000171,BOR-0000171,GRP-000034,2026-06-30,mortgage,mortgage,individual,True,False,True,False,0.0,0.0,mortgage,Households,South,INR,A,A,0.0013793935068515046,0.11705366055706998,2019-09-05,4.229422225610594,4.229422225610594,5926974.580817151,5926974.580817151,0.0,False,no_commitment,False,26017.37555278969,residential_property,9723955.199025206,10323984.960655617,9723955.199025206,False,True,True,0.0,0.0,none,UNRATED,0,0
EXP-0000172,BOR-0000172,GRP-000034,2026-06-30,mortgage,mortgage,individual,True,False,True,False,0.0,0.0,mortgage,Households,North,INR,BBB,BBB,0.0037116005272010396,0.21905590889249216,2022-03-23,2.3196155154152027,2.3196155154152027,1373833.2839402303,1373833.2839402303,0.0,False,no_commitment,False,9759.565055168425,residential_property,1974973.1721011435,1899233.9732846837,1974973.1721011435,False,True,True,0.0,0.0,none,UNRATED,0,0
EXP-0000173,BOR-0000173,GRP-000034,2026-06-30,mortgage,mortgage,individual,True,False,True,False,0.0,0.0,mortgage,Households,South,INR,A,A,0.0016676370943376122,0.13223318220154612,2018-03-14,0.25,0.25,3580551.038706749,3580551.038706749,0.0,False,no_commitment,False,32761.286506471315,residential_property,6958705.005044815,6901262.785441394,6958705.005044815,True,False,True,0.0,0.0,none,UNRATED,60,0
EXP-0000174,BOR-0000174,GRP-000034,2026-06-30,mortgage,mortgage,individual,True,False,True,False,0.0,0.0,mortgage,Households,Central,INR,B,B,0.04422207045482544,0.14433814299270903,2025-08-04,0.924597733246815,0.924597733246815,3246296.949910787,3246296.949910787,0.0,False,no_commitment,False,19755.794595899093,residential_property,6208098.9909068085,6548691.692758665,6208098.9909068085,True,False,True,0.0,0.0,none,UNRATED,0,0
EXP-0000175,BOR-0000175,GRP-000035,2026-06-30,mortgage,mortgage,individual,True,False,True,False,0.0,0.0,mortgage,Households,South,INR,A,A,0.0014624190863780234,0.09251502948409387,2021-11-23,2.0736076141441844,2.0736076141441844,1392657.0294974477,1392657.0294974477,0.0,False,no_commitment,False,4324.866461459539,residential_property,2597783.867163552,2800900.3695259257,2597783.867163552,False,True,True,0.0,0.0,none,UNRATED,5,0
EXP-0000176,BOR-0000176,GRP-000035,2026-06-30,mortgage,mortgage,individual,True,False,True,False,0.0,0.0,mortgage,Households,West,INR,AA,AA,0.0005568092911846942,0.2174538533076118,2024-10-08,2.7511181233652686,2.7511181233652686,4458845.949865233,4458845.949865233,0.0,False,no_commitment,False,50792.13764860237,residential_property,5533895.76964848,5843733.794901162,5533895.76964848,False,True,True,0.0,0.0,none,UNRATED,30,0
EXP-0000177,BOR-0000177,GRP-000035,2026-06-30,mortgage,mortgage,individual,True,False,True,False,0.0,0.0,mortgage,Households,West,INR,BBB,BBB,0.0024952692898356954,0.15382651364350444,2023-07-16,3.8091582039623706,3.8091582039623706,14197551.208496407,14197551.208496407,0.0,False,no_commitment,False,144500.17736993573,residential_property,22484440.31869156,22462984.600865986,22484440.31869156,False,True,True,0.0,0.0,none,UNRATED,5,0
EXP-0000178,BOR-0000178,GRP-000035,2026-06-30,mortgage,mortgage,individual,True,False,True,False,0.0,0.0,mortgage,Households,East,INR,CCC,CCC,0.1840373695406404,0.1279384486023005,2025-07-05,2.243151398825621,2.243151398825621,2856420.8019104395,2856420.8019104395,0.0,False,no_commitment,False,31880.467510996845,residential_property,5808144.442053734,6152112.9245454315,5808144.442053734,False,True,True,0.0,0.0,none,UNRATED,0,0
EXP-0000179,BOR-0000179,GRP-000035,2026-06-30,mortgage,mortgage,individual,True,False,True,False,0.0,0.0,mortgage,Households,West,INR,BB,BB,0.014515618801445382,0.2619558604445764,2016-09-20,3.0275382301957987,3.0275382301957987,5757968.658565316,5757968.658565316,0.0,False,no_commitment,False,58436.90736038649,residential_property,8255042.017076227,8527956.714312397,8255042.017076227,False,True,True,0.0,0.0,none,UNRATED,30,0
EXP-0000180,BOR-0000180,GRP-000036,2026-06-30,mortgage,mortgage,individual,True,False,True,False,0.0,0.0,mortgage,Households,North,INR,BB,BB,0.018856766031407433,0.17901934099842534,2019-05-08,6.699149082319079,6.699149082319079,16183000.892379051,16183000.892379051,0.0,False,no_commitment,False,61713.6749590231,residential_property,23676266.535448622,22212184.682642825,23676266.535448622,False,True,True,0.0,0.0,none,UNRATED,0,0
EXP-0000181,BOR-0000181,GRP-000036,2026-06-30,mortgage,mortgage,individual,True,False,True,False,0.0,0.0,mortgage,Households,Central,INR,BB,BB,0.015014831427893534,0.24928884587032327,2022-11-18,3.6208163390118537,3.6208163390118537,6131635.769046292,6131635.769046292,0.0,False,no_commitment,False,18832.46618704649,residential_property,7988972.118944963,7457407.041460642,7988972.118944963,False,True,True,0.0,0.0,none,UNRATED,60,0
EXP-0000182,BOR-0000182,GRP-000036,2026-06-30,mortgage,mortgage,individual,True,False,True,False,0.0,0.0,mortgage,Households,West,INR,BB,BB,0.011967512119746284,0.21609002056940618,2020-03-03,2.968367268671934,2.968367268671934,2301623.6726822387,2301623.6726822387,0.0,False,no_commitment,False,23110.734683090668,residential_property,3913701.7094503613,4186886.9483101587,3913701.7094503613,True,False,True,0.0,0.0,none,UNRATED,0,0
EXP-0000183,BOR-0000183,GRP-000036,2026-06-30,mortgage,mortgage,individual,True,False,True,False,0.0,0.0,mortgage,Households,North,INR,BBB,BBB,0.0038184193871123604,0.22492535629300242,2018-09-10,2.981898516526129,2.981898516526129,4082961.512344192,4082961.512344192,0.0,False,no_commitment,False,48724.267054365904,residential_property,6216324.109495346,6638479.507582375,6216324.109495346,False,True,True,0.0,0.0,none,UNRATED,0,0
EXP-0000184,BOR-0000184,GRP-000036,2026-06-30,mortgage,mortgage,individual,True,False,True,False,0.0,0.0,mortgage,Households,West,INR,BBB,BBB,0.002745324956943902,0.20601710112361757,2021-03-28,0.7104595193752561,0.7104595193752561,4783966.851147796,4783966.851147796,0.0,False,no_commitment,False,23899.499652139668,residential_property,6450129.743467658,6407162.212220275,6450129.743467658,False,True,True,0.0,0.0,none,UNRATED,5,0
EXP-0000185,BOR-0000185,GRP-000037,2026-06-30,mortgage,mortgage,individual,True,False,True,False,0.0,0.0,mortgage,Households,North,INR,BB,BB,0.012062301261107569,0.16016642996649977,2024-08-09,3.0790385411529617,3.0790385411529617,8888350.663280265,8888350.663280265,0.0,False,no_commitment,False,35130.982193852666,residential_property,17833412.084183127,18295154.216921702,17833412.084183127,False,True,True,0.0,0.0,none,UNRATED,0,0
EXP-0000186,BOR-0000186,GRP-000037,2026-06-30,mortgage,mortgage,individual,True,False,True,False,0.0,0.0,mortgage,Households,East,INR,BBB,BBB,0.004484762031660239,0.2381405392714217,2025-12-02,2.8646431043347143,2.8646431043347143,7705202.036517434,7705202.036517434,0.0,False,no_commitment,False,18109.186494305977,residential_property,9389055.004280059,9095803.982098613,9389055.004280059,False,True,True,0.0,0.0,none,UNRATED,5,0
EXP-0000187,BOR-0000187,GRP-000037,2026-06-30,mortgage,mortgage,individual,True,False,True,False,0.0,0.0,mortgage,Households,West,INR,BBB,BBB,0.0038258209891302215,0.1702104322653662,2021-02-26,0.6747443643011508,0.6747443643011508,578300.6536519123,578300.6536519123,0.0,False,no_commitment,False,5466.563656498379,residential_property,859549.0385574588,887246.9649102374,859549.0385574588,False,True,True,0.0,0.0,none,UNRATED,5,0
EXP-0000188,BOR-0000188,GRP-000037,2026-06-30,mortgage,mortgage,individual,True,False,True,False,0.0,0.0,mortgage,Households,North,INR,A,A,0.0017709508242934673,0.14943674744372631,2017-05-18,6.0285682636534865,6.0285682636534865,2006175.1716242724,2006175.1716242724,0.0,False,no_commitment,False,17025.39644942787,residential_property,4155052.9632994854,4119275.850829153,4155052.9632994854,False,True,True,0.0,0.0,none,UNRATED,0,0
EXP-0000189,BOR-0000189,GRP-000037,2026-06-30,mortgage,mortgage,individual,True,False,True,False,0.0,0.0,mortgage,Households,West,INR,BB,BB,0.01052769702285037,0.15092619553170528,2019-07-07,1.0385061888662246,1.0385061888662246,3344260.519699272,3344260.519699272,0.0,False,no_commitment,False,35857.300304450975,residential_property,6944520.971466334,6776166.497023599,6944520.971466334,True,False,True,0.0,2135084.0363989603,eligible_bank,AA,0,0
EXP-0000190,BOR-0000190,GRP-000038,2026-06-30,mortgage,mortgage,individual,True,False,True,False,0.0,0.0,mortgage,Households,South,INR,A,A,0.001435943402559472,0.18105231040399922,2016-09-20,3.31172696830377,3.31172696830377,1809094.3805837303,1809094.3805837303,0.0,False,no_commitment,False,10658.37755782824,residential_property,2770001.784228802,2743677.619658208,2770001.784228802,False,True,True,0.0,0.0,none,UNRATED,0,0
EXP-0000191,BOR-0000191,GRP-000038,2026-06-30,mortgage,mortgage,individual,True,False,True,False,0.0,0.0,mortgage,Households,South,INR,B,B,0.04589842284121651,0.12525026051749177,2020-01-03,2.318653099310491,2.318653099310491,315910.43316799053,315910.43316799053,0.0,False,no_commitment,False,2748.529126239652,residential_property,548016.4272260835,544119.2940213162,548016.4272260835,False,True,True,0.0,0.0,none,UNRATED,60,0
EXP-0000192,BOR-0000192,GRP-000038,2026-06-30,mortgage,mortgage,individual,True,False,True,False,0.0,0.0,mortgage,Households,North,INR,A,A,0.0017816107181690554,0.20737641027648274,2023-01-17,2.912551110253427,2.912551110253427,2183897.1219904227,2183897.1219904227,0.0,False,no_commitment,False,17446.203613434223,residential_property,2735742.55999086,2929546.7681955704,2735742.55999086,False,True,True,0.0,0.0,none,UNRATED,60,0
EXP-0000193,BOR-0000193,GRP-000038,2026-06-30,mortgage,mortgage,individual,True,False,True,False,0.0,0.0,mortgage,Households,East,INR,A,A,0.0016931020964419206,0.10768817420905327,2024-10-08,4.744924906523945,4.744924906523945,3491795.499281688,3491795.499281688,0.0,False,no_commitment,False,4618.831009975919,residential_property,5620576.700592661,5966786.618851247,5620576.700592661,False,True,True,0.0,0.0,none,UNRATED,5,0
EXP-0000194,BOR-0000194,GRP-000038,2026-06-30,mortgage,mortgage,individual,True,False,True,False,0.0,0.0,mortgage,Households,East,INR,BB,BB,0.016838292162084583,0.1977182763014329,2018-10-10,0.6798570682914317,0.6798570682914317,2487623.717937095,2487623.717937095,0.0,False,no_commitment,False,7376.7062708520825,residential_property,3447764.308072876,3279201.1731202467,3447764.308072876,False,True,True,0.0,0.0,none,UNRATED,0,0
EXP-0000195,BOR-0000195,GRP-000039,2026-06-30,mortgage,mortgage,individual,True,False,True,False,0.0,0.0,mortgage,Households,South,INR,A,A,0.0019796477304491254,0.12827855774759403,2017-10-15,1.464614948219391,1.464614948219391,1830794.1833716242,1830794.1833716242,0.0,False,no_commitment,False,17232.47075867332,residential_property,3482355.63017827,3358923.0787452306,3482355.63017827,False,True,True,0.0,0.0,none,UNRATED,5,0
EXP-0000196,BOR-0000196,GRP-000039,2026-06-30,mortgage,mortgage,individual,True,False,True,False,0.0,0.0,mortgage,Households,West,INR,A,A,0.0014038373178832336,0.197822820901323,2021-12-23,5.931888654556236,5.931888654556236,3595614.737993336,3595614.737993336,0.0,False,no_commitment,False,42067.38800841261,residential_property,5398085.912364895,5224807.1985393595,5398085.912364895,True,False,True,0.0,0.0,none,UNRATED,0,0
EXP-0000197,BOR-0000197,GRP-000039,2026-06-30,mortgage,mortgage,individual,True,False,True,False,0.0,0.0,mortgage,Households,West,INR,BBB,BBB,0.005086596340353355,0.21325791267102706,2018-11-09,3.78041553908937,3.78041553908937,4374404.0019731065,4374404.0019731065,0.0,False,no_commitment,False,26336.82909863818,residential_property,4895034.426401198,4512493.732526776,4895034.426401198,False,True,True,0.0,0.0,none,UNRATED,0,0
EXP-0000198,BOR-0000198,GRP-000039,2026-06-30,mortgage,mortgage,individual,True,False,True,False,0.0,0.0,mortgage,Households,West,INR,BB,BB,0.012429753744515349,0.1634681748604739,2025-06-05,3.6406010794833525,3.6406010794833525,2580994.6410270883,2580994.6410270883,0.0,False,no_commitment,False,26983.45823724283,residential_property,4002670.3335431423,4022158.711494146,4002670.3335431423,False,True,True,0.0,1199479.5193967666,eligible_bank,AA,0,0
EXP-0000199,BOR-0000199,GRP-000039,2026-06-30,mortgage,mortgage,individual,True,False,True,False,0.0,0.0,mortgage,Households,West,INR,A,A,0.0012347976532703525,0.12383091401203779,2020-07-01,3.4340538278172037,3.4340538278172037,8536887.270300297,8536887.270300297,0.0,False,no_commitment,False,72784.2059382041,residential_property,14821085.397816868,14780040.765988475,14821085.397816868,False,True,True,0.0,0.0,none,UNRATED,0,0
EXP-0000200,BOR-0000200,GRP-000040,2026-06-30,mortgage,mortgage,individual,True,False,True,False,0.0,0.0,mortgage,Households,North,INR,BBB,BBB,0.004580411054499765,0.11798736107858822,2025-01-06,2.5085963617755387,2.5085963617755387,3633794.2082028035,3633794.2082028035,0.0,False,no_commitment,False,1994.640678848999,residential_property,6945947.184269451,6528748.850951754,6945947.184269451,False,True,True,0.0,0.0,none,UNRATED,5,0
EXP-0000201,BOR-0000201,GRP-000040,2026-06-30,mortgage,mortgage,individual,True,False,True,False,0.0,0.0,mortgage,Households,Central,INR,BB,BB,0.011440925330211866,0.21264328273825586,2017-12-14,1.699226036766659,1.699226036766659,1986310.8683004407,1986310.8683004407,0.0,False,no_commitment,False,14215.183866499283,residential_property,2978830.277861217,3212483.789182311,2978830.277861217,False,True,True,0.0,0.0,none,UNRATED,30,0
EXP-0000202,BOR-0000202,GRP-000040,2026-06-30,mortgage,mortgage,individual,True,False,True,False,0.0,0.0,mortgage,Households,East,INR,B,B,0.05542999196885016,0.3158821175208719,2025-03-07,2.628257270420146,2.628257270420146,1685081.1265536605,1685081.1265536605,0.0,False,no_commitment,False,13142.872823631335,residential_property,1852585.3942446068,1930033.9156687518,1852585.3942446068,False,True,True,0.0,0.0,none,UNRATED,253,1
EXP-0000203,BOR-0000203,GRP-000040,2026-06-30,mortgage,mortgage,individual,True,False,True,False,0.0,0.0,mortgage,Households,North,INR,BBB,BBB,0.004073614691908017,0.15554784913426523,2024-02-11,1.949350550034382,1.949350550034382,3047533.565361877,3047533.565361877,0.0,False,no_commitment,False,9359.90812623153,residential_property,6954838.971717483,6602186.081709051,6954838.971717483,False,True,True,0.0,0.0,none,UNRATED,60,0
EXP-0000204,BOR-0000204,GRP-000040,2026-06-30,mortgage,mortgage,individual,True,False,True,False,0.0,0.0,mortgage,Households,North,INR,A,A,0.0018192031931570716,0.17011734160389713,2016-08-21,4.949943968372436,4.949943968372436,7217339.489924038,7217339.489924038,0.0,False,no_commitment,False,22605.543531459592,residential_property,10910335.325804733,11268772.795775011,10910335.325804733,False,True,True,0.0,0.0,none,UNRATED,60,0
EXP-0000205,BOR-0000205,GRP-000041,2026-06-30,mortgage,mortgage,individual,True,False,True,False,0.0,0.0,mortgage,Households,North,INR,AA,AA,0.0005936142760564288,0.11337079750981419,2017-02-17,1.533013808064931,1.533013808064931,2049027.5352526319,2049027.5352526319,0.0,False,no_commitment,False,24342.62572414322,residential_property,5411519.9771059,5273533.656035177,5411519.9771059,False,True,True,0.0,0.0,none,UNRATED,0,0
EXP-0000206,BOR-0000206,GRP-000041,2026-06-30,mortgage,mortgage,individual,True,False,True,False,0.0,0.0,mortgage,Households,West,INR,A,A,0.00151520981093916,0.18323588197136725,2026-01-01,0.7832616159940828,0.7832616159940828,5155605.8286397355,5155605.8286397355,0.0,False,no_commitment,False,3077.7836024107028,residential_property,8589409.195395414,8771982.357648758,8589409.195395414,False,True,True,0.0,0.0,none,UNRATED,0,0
EXP-0000207,BOR-0000207,GRP-000041,2026-06-30,mortgage,mortgage,individual,True,False,True,False,0.0,0.0,mortgage,Households,North,INR,A,A,0.001644000838770098,0.24902023324055417,2017-04-18,3.276020001759813,3.276020001759813,3721865.272680782,3721865.272680782,0.0,False,no_commitment,False,14745.21450201935,residential_property,5207803.809811665,5183215.393218715,5207803.809811665,False,True,True,0.0,0.0,none,UNRATED,0,0
EXP-0000208,BOR-0000208,GRP-000041,2026-06-30,mortgage,mortgage,individual,True,False,True,False,0.0,0.0,mortgage,Households,East,INR,BBB,BBB,0.003550247935765057,0.17595836719825864,2024-04-11,1.2583099009952572,1.2583099009952572,12786173.588119287,12786173.588119287,0.0,False,no_commitment,False,115618.69958919614,residential_property,31859006.06263497,30018105.390803695,31859006.06263497,True,False,True,0.0,0.0,none,UNRATED,0,0
EXP-0000209,BOR-0000209,GRP-000041,2026-06-30,mortgage,mortgage,individual,True,False,True,False,0.0,0.0,mortgage,Households,East,INR,A,A,0.0013209457703904173,0.15576183665215776,2019-09-05,0.4381659692459598,0.4381659692459598,4510583.028966486,4510583.028966486,0.0,False,no_commitment,False,9854.583958265523,residential_property,7588689.037851227,7540226.705139356,7588689.037851227,False,True,True,0.0,0.0,none,UNRATED,30,0
EXP-0000210,BOR-0000210,GRP-000042,2026-06-30,mortgage,mortgage,individual,True,False,True,False,0.0,0.0,mortgage,Households,West,INR,BBB,BBB,0.004356598796095523,0.19254160204491985,2017-08-16,2.1519878143022337,2.1519878143022337,2223129.5555167603,2223129.5555167603,0.0,False,no_commitment,False,8515.536314768686,residential_property,3090305.375012664,3318586.066313347,3090305.375012664,False,True,True,0.0,0.0,none,UNRATED,15,0
EXP-0000211,BOR-0000211,GRP-000042,2026-06-30,mortgage,mortgage,individual,True,False,True,False,0.0,0.0,mortgage,Households,West,INR,BBB,BBB,0.003978968263748238,0.203972333979122,2023-02-16,4.087365432077744,4.087365432077744,5648574.216171808,5648574.216171808,0.0,False,no_commitment,False,54339.99023829344,residential_property,8159219.19799025,8483147.436263185,8159219.19799025,False,True,True,0.0,0.0,none,UNRATED,30,0
EXP-0000212,BOR-0000212,GRP-000042,2026-06-30,mortgage,mortgage,individual,True,False,True,False,0.0,0.0,mortgage,Households,North,INR,BBB,BBB,0.003717226612660364,0.22103241832927123,2020-07-31,0.6522156699321218,0.6522156699321218,5773492.957304098,5773492.957304098,0.0,False,no_commitment,False,63917.230980468164,residential_property,7934732.282666863,8095435.667334335,7934732.282666863,False,True,True,0.0,0.0,none,UNRATED,60,0
EXP-0000213,BOR-0000213,GRP-000042,2026-06-30,mortgage,mortgage,individual,True,False,True,False,0.0,0.0,mortgage,Households,North,INR,A,A,0.0014778140019112518,0.10599635441179324,2025-10-03,1.6243239326070218,1.6243239326070218,2703928.7568182396,2703928.7568182396,0.0,False,no_commitment,False,18188.61822642429,residential_property,5361549.044973571,5656242.833610339,5361549.044973571,False,True,True,0.0,0.0,none,UNRATED,60,0
EXP-0000214,BOR-0000214,GRP-000042,2026-06-30,mortgage,mortgage,individual,True,False,True,False,0.0,0.0,mortgage,Households,South,INR,BB,BB,0.019986777152202533,0.18438254196684675,2023-03-18,1.3194320126776713,1.3194320126776713,1642411.782551334,1642411.782551334,0.0,False,no_commitment,False,18041.343964135238,residential_property,2283289.276164712,2403379.7474737577,2283289.276164712,False,True,True,0.0,0.0,none,UNRATED,0,0
EXP-0000215,BOR-0000215,GRP-000043,2026-06-30,mortgage,mortgage,individual,True,False,True,False,0.0,0.0,mortgage,Households,East,INR,BB,BB,0.013850299928538696,0.2342185374865063,2023-11-13,6.158092429892653,6.158092429892653,4958909.42610865,4958909.42610865,0.0,False,no_commitment,False,13994.259026678184,residential_property,8730495.83769516,9272769.868870541,8730495.83769516,False,True,True,0.0,0.0,none,UNRATED,0,0
EXP-0000216,BOR-0000216,GRP-000043,2026-06-30,mortgage,mortgage,individual,True,False,True,False,0.0,0.0,mortgage,Households,West,INR,BB,BB,0.01377818674194573,0.20736703251261582,2024-11-07,1.5547828700980864,1.5547828700980864,3647521.272201112,3647521.272201112,0.0,False,no_commitment,False,25546.721270055186,residential_property,4609035.199871071,4320590.569410354,4609035.199871071,False,True,True,0.0,0.0,none,UNRATED,60,0
EXP-0000217,BOR-0000217,GRP-000043,2026-06-30,mortgage,mortgage,individual,True,False,True,False,0.0,0.0,mortgage,Households,North,INR,A,A,0.0011031008269675926,0.1498173817278205,2022-10-19,1.0627238955387281,1.0627238955387281,1306047.5105474696,1306047.5105474696,0.0,False,no_commitment,False,1678.5360949895824,residential_property,4711753.452507458,4432403.452756897,4711753.452507458,False,True,True,0.0,0.0,none,UNRATED,0,0
EXP-0000218,BOR-0000218,GRP-000043,2026-06-30,mortgage,mortgage,individual,True,False,True,False,0.0,0.0,mortgage,Households,South,INR,A,A,0.0014886081847862401,0.1317180962865653,2019-10-05,5.302910409564189,5.302910409564189,4129687.0027389633,4129687.0027389633,0.0,False,no_commitment,False,38074.522342012555,residential_property,6652562.002384035,6970708.106986908,6652562.002384035,False,True,True,0.0,0.0,none,UNRATED,30,0
EXP-0000219,BOR-0000219,GRP-000043,2026-06-30,mortgage,mortgage,individual,True,False,True,False,0.0,0.0,mortgage,Households,West,INR,B,B,0.056275655644633216,0.17310749979094622,2025-06-05,0.25,0.25,2313398.3364402554,2313398.3364402554,0.0,False,no_commitment,False,20081.235276551422,residential_property,3368327.990734214,3635283.983581069,3368327.990734214,False,True,True,0.0,0.0,none,UNRATED,5,0
EXP-0000220,BOR-0000220,GRP-000044,2026-06-30,mortgage,mortgage,individual,True,False,True,False,0.0,0.0,mortgage,Households,North,INR,BBB,BBB,0.004649734038502056,0.2344829296484851,2025-04-06,2.104621094046296,2.104621094046296,1306852.587395707,1306852.587395707,0.0,False,no_commitment,False,14452.591284310502,residential_property,1453021.5438200792,1467561.838027183,1453021.5438200792,False,True,True,0.0,0.0,none,UNRATED,5,0
EXP-0000221,BOR-0000221,GRP-000044,2026-06-30,mortgage,mortgage,individual,True,False,True,False,0.0,0.0,mortgage,Households,North,INR,BBB,BBB,0.004078680500682521,0.1444162275554871,2023-02-16,2.4508069704397664,2.4508069704397664,2783996.110255818,2783996.110255818,0.0,False,no_commitment,False,28666.14316275398,residential_property,4065679.098811706,4367688.182545896,4065679.098811706,False,True,True,0.0,0.0,none,UNRATED,0,0
EXP-0000222,BOR-0000222,GRP-000044,2026-06-30,mortgage,mortgage,individual,True,False,True,False,0.0,0.0,mortgage,Households,West,INR,BBB,BBB,0.0047509490793858624,0.20545351854714355,2020-07-01,0.31358480382593973,0.31358480382593973,8057957.767815769,8057957.767815769,0.0,False,no_commitment,False,87388.83464620652,residential_property,11478432.063086059,11777448.88214166,11478432.063086059,False,True,True,0.0,0.0,none,UNRATED,15,0
EXP-0000223,BOR-0000223,GRP-000044,2026-06-30,mortgage,mortgage,individual,True,False,True,False,0.0,0.0,mortgage,Households,North,INR,BBB,BBB,0.004562705839776267,0.2146502553356296,2019-08-06,2.033998961171769,2.033998961171769,7675265.94396643,7675265.94396643,0.0,False,no_commitment,False,82707.82239442281,residential_property,10459140.43109189,9765187.306065345,10459140.43109189,False,True,True,0.0,0.0,none,UNRATED,0,0
EXP-0000224,BOR-0000224,GRP-000044,2026-06-30,mortgage,mortgage,individual,True,False,True,False,0.0,0.0,mortgage,Households,North,INR,B,B,0.06109035799523469,0.3242842761542447,2021-02-26,1.269448148714623,1.269448148714623,6476316.029936264,6476316.029936264,0.0,False,no_commitment,False,51423.03839761569,residential_property,7334240.04991753,7834438.703236384,7334240.04991753,False,True,True,0.0,0.0,none,UNRATED,328,1
EXP-0000225,BOR-0000225,GRP-000045,2026-06-30,mortgage,mortgage,individual,True,False,True,False,0.0,0.0,mortgage,Households,North,INR,A,A,0.001790759060468854,0.1440436099814611,2020-05-02,0.8227900128287177,0.8227900128287177,4169367.5058620595,4169367.5058620595,0.0,False,no_commitment,False,45303.836493142786,residential_property,6890628.730304921,7264610.680974406,6890628.730304921,False,True,True,0.0,0.0,none,UNRATED,30,0
EXP-0000226,BOR-0000226,GRP-000045,2026-06-30,mortgage,mortgage,individual,True,False,True,False,0.0,0.0,mortgage,Households,West,INR,B,B,0.06632846097546673,0.12544301884974074,2025-02-05,1.8988316748726541,1.8988316748726541,5155330.1017520465,5155330.1017520465,0.0,False,no_commitment,False,27072.209049471006,residential_property,11948214.886049697,12016746.048705015,11948214.886049697,False,True,True,0.0,3807099.899176852,eligible_bank,AA,0,0
EXP-0000227,BOR-0000227,GRP-000045,2026-06-30,mortgage,mortgage,individual,True,False,True,False,0.0,0.0,mortgage,Households,West,INR,AA,AA,0.0005819502047569531,0.11849921902908098,2018-12-09,1.1979710419557272,1.1979710419557272,3731767.367324498,3731767.367324498,0.0,False,no_commitment,False,23352.553832880916,residential_property,9354512.762713615,9719573.220275266,9354512.762713615,False,True,True,0.0,2270927.0365073746,eligible_bank,AA,15,0
EXP-0000228,BOR-0000228,GRP-000045,2026-06-30,mortgage,mortgage,individual,True,False,True,False,0.0,0.0,mortgage,Households,South,INR,BBB,BBB,0.003150067601795811,0.18377862890133473,2023-01-17,5.948103212893877,5.948103212893877,1706560.4830006855,1706560.4830006855,0.0,False,no_commitment,False,19702.247313358203,residential_property,2179756.958453913,2127984.7250329787,2179756.958453913,False,True,True,0.0,0.0,none,UNRATED,60,0
EXP-0000229,BOR-0000229,GRP-000045,2026-06-30,mortgage,mortgage,individual,True,False,True,False,0.0,0.0,mortgage,Households,South,INR,BBB,BBB,0.004507594923936842,0.20696338925020416,2023-07-16,1.8147185525198957,1.8147185525198957,1942909.776647572,1942909.776647572,0.0,False,no_commitment,False,3543.09392433932,residential_property,2744435.313321779,2795275.5526630995,2744435.313321779,False,True,True,0.0,0.0,none,UNRATED,0,0
EXP-0000230,BOR-0000230,GRP-000046,2026-06-30,mortgage,mortgage,individual,True,False,True,False,0.0,0.0,mortgage,Households,South,INR,A,A,0.001726272884089688,0.14617581012611813,2022-10-19,3.13513643431805,3.13513643431805,2358664.023200574,2358664.023200574,0.0,False,no_commitment,False,11847.174186755523,residential_property,3765296.957351019,3713028.236011676,3765296.957351019,False,True,True,0.0,0.0,none,UNRATED,0,0
EXP-0000231,BOR-0000231,GRP-000046,2026-06-30,mortgage,mortgage,individual,True,False,True,False,0.0,0.0,mortgage,Households,South,INR,A,A,0.0019898599888845694,0.07830723687593989,2017-11-14,1.4992984290597964,1.4992984290597964,8702813.535885014,8702813.535885014,0.0,False,no_commitment,False,55964.884326831525,residential_property,15258351.557994109,15324592.868569218,15258351.557994109,True,False,True,0.0,3392869.614713724,eligible_bank,AA,5,0
EXP-0000232,BOR-0000232,GRP-000046,2026-06-30,mortgage,mortgage,individual,True,False,True,False,0.0,0.0,mortgage,Households,North,INR,BBB,BBB,0.005037584116663879,0.2220675319654017,2017-05-18,2.504847661566658,2.504847661566658,7047070.11362099,7047070.11362099,0.0,False,no_commitment,False,15125.609551277235,residential_property,10056589.358086832,10276310.565692186,10056589.358086832,False,True,True,0.0,0.0,none,UNRATED,60,0
EXP-0000233,BOR-0000233,GRP-000046,2026-06-30,mortgage,mortgage,individual,True,False,True,False,0.0,0.0,mortgage,Households,North,INR,B,B,0.07096650800329245,0.16526717770827434,2018-10-10,3.282102416603391,3.282102416603391,1734713.9896273122,1734713.9896273122,0.0,False,no_commitment,False,6325.048473393505,residential_property,2458310.4105276186,2282834.0324083916,2458310.4105276186,True,False,True,0.0,0.0,none,UNRATED,138,1
EXP-0000234,BOR-0000234,GRP-000046,2026-06-30,mortgage,mortgage,individual,True,False,True,False,0.0,0.0,mortgage,Households,North,INR,BBB,BBB,0.004472144634536937,0.21623061900266236,2018-04-13,0.49191701110799313,0.49191701110799313,3623597.052937833,3623597.052937833,0.0,False,no_commitment,False,334.6826580787993,residential_property,4821363.155483266,4509728.319660916,4821363.155483266,False,True,True,0.0,0.0,none,UNRATED,0,0
EXP-0000235,BOR-0000235,GRP-000047,2026-06-30,mortgage,mortgage,individual,True,False,True,False,0.0,0.0,mortgage,Households,North,INR,B,B,0.05210229053399548,0.13281402696676797,2023-03-18,3.289167687486267,3.289167687486267,2694111.123643866,2694111.123643866,0.0,False,no_commitment,False,30483.549091030636,residential_property,5594937.022229955,5221116.863943489,5594937.022229955,False,True,True,0.0,0.0,none,UNRATED,0,0
EXP-0000236,BOR-0000236,GRP-000047,2026-06-30,mortgage,mortgage,individual,True,False,True,False,0.0,0.0,mortgage,Households,West,INR,BB,BB,0.011690227533797833,0.12735679562130417,2019-06-07,7.804751568550371,7.804751568550371,3164349.8566339742,3164349.8566339742,0.0,False,no_commitment,False,2717.174142057503,residential_property,8550724.18399493,8680598.691557834,8550724.18399493,False,True,True,0.0,0.0,none,UNRATED,15,0
EXP-0000237,BOR-0000237,GRP-000047,2026-06-30,mortgage,mortgage,individual,True,False,True,False,0.0,0.0,mortgage,Households,Central,INR,BBB,BBB,0.0042280958469900955,0.08484828885755356,2018-08-11,0.9443531763046177,0.9443531763046177,2470288.9711776352,2470288.9711776352,0.0,False,no_commitment,False,28757.638646261534,residential_property,4799469.408260104,4732589.937748868,4799469.408260104,False,True,True,0.0,0.0,none,UNRATED,15,0
EXP-0000238,BOR-0000238,GRP-000047,2026-06-30,mortgage,mortgage,individual,True,False,True,False,0.0,0.0,mortgage,Households,West,INR,BB,BB,0.01358002002691366,0.16886630308010914,2021-06-26,1.7133247876395687,1.7133247876395687,8727356.550075123,8727356.550075123,0.0,False,no_commitment,False,93320.42617688965,residential_property,19821022.303938963,19821213.68909769,19821022.303938963,False,True,True,0.0,0.0,none,UNRATED,0,0
EXP-0000239,BOR-0000239,GRP-000047,2026-06-30,mortgage,mortgage,individual,True,False,True,False,0.0,0.0,mortgage,Households,North,INR,AA,AA,0.0006232834913821247,0.09449654215745916,2018-09-10,7.57707486926179,7.57707486926179,3457250.844139116,3457250.844139116,0.0,False,no_commitment,False,18092.03486150321,residential_property,8012120.703731955,8012481.495415192,8012120.703731955,True,False,True,0.0,0.0,none,UNRATED,5,0
EXP-0000240,BOR-0000240,GRP-000048,2026-06-30,mortgage,mortgage,individual,True,False,True,False,0.0,0.0,mortgage,Households,West,INR,A,A,0.0015147910090803382,0.1965127073487954,2018-08-11,0.25,0.25,4027979.5242371955,4027979.5242371955,0.0,False,no_commitment,False,13655.915031821063,residential_property,4299468.704263059,3983351.562519875,4299468.704263059,False,True,True,0.0,0.0,none,UNRATED,5,0
EXP-0000241,BOR-0000241,GRP-000048,2026-06-30,mortgage,mortgage,individual,True,False,True,False,0.0,0.0,mortgage,Households,North,INR,BB,BB,0.016329319708213552,0.14969870776111713,2020-06-01,2.0831369892835654,2.0831369892835654,4049246.4516343004,4049246.4516343004,0.0,False,no_commitment,False,42412.85274448241,residential_property,14227368.064180242,14901310.229544623,14227368.064180242,False,True,True,0.0,0.0,none,UNRATED,5,0
EXP-0000242,BOR-0000242,GRP-000048,2026-06-30,mortgage,mortgage,individual,True,False,True,False,0.0,0.0,mortgage,Households,Central,INR,BB,BB,0.014739495703465944,0.23248965183051173,2019-06-07,0.3212986064549722,0.3212986064549722,1794474.7392977106,1794474.7392977106,0.0,False,no_commitment,False,7222.451837604326,residential_property,2393112.2442145175,2469955.270106937,2393112.2442145175,False,True,True,0.0,0.0,none,UNRATED,0,0
EXP-0000243,BOR-0000243,GRP-000048,2026-06-30,mortgage,mortgage,individual,True,False,True,False,0.0,0.0,mortgage,Households,North,INR,A,A,0.0017749437680256875,0.1933404659849983,2022-07-21,0.4182076404969752,0.4182076404969752,3755880.9770467076,3755880.9770467076,0.0,False,no_commitment,False,1007.2493944426888,residential_property,4557058.882384262,4694063.0517281825,4557058.882384262,False,True,True,0.0,0.0,none,UNRATED,5,0
EXP-0000244,BOR-0000244,GRP-000048,2026-06-30,mortgage,mortgage,individual,True,False,True,False,0.0,0.0,mortgage,Households,South,INR,BBB,BBB,0.002450094474423541,0.24070831108124113,2018-08-11,0.5350218558823399,0.5350218558823399,6981535.670366789,6981535.670366789,0.0,False,no_commitment,False,41430.67027211887,residential_property,8332490.845302414,7711554.853632083,8332490.845302414,False,True,True,0.0,0.0,none,UNRATED,0,0
EXP-0000245,BOR-0000245,GRP-000049,2026-06-30,mortgage,mortgage,individual,True,False,True,False,0.0,0.0,mortgage,Households,South,INR,BBB,BBB,0.004139161390544826,0.22799553037339043,2018-08-11,1.5853995144936779,1.5853995144936779,9115826.776445571,9115826.776445571,0.0,False,no_commitment,False,94912.89252612535,residential_property,12711550.008380838,13020121.56557769,12711550.008380838,False,True,True,0.0,0.0,none,UNRATED,5,0
EXP-0000246,BOR-0000246,GRP-000049,2026-06-30,mortgage,mortgage,individual,True,False,True,False,0.0,0.0,mortgage,Households,South,INR,BB,BB,0.01862488074607218,0.3140592862701574,2022-09-19,1.7453692628346182,1.7453692628346182,1659776.9725850418,1659776.9725850418,0.0,False,no_commitment,False,15345.052904968925,residential_property,1855775.3375803577,1855911.2622886107,1855775.3375803577,False,True,True,0.0,0.0,none,UNRATED,30,0
EXP-0000247,BOR-0000247,GRP-000049,2026-06-30,mortgage,mortgage,individual,True,False,True,False,0.0,0.0,mortgage,Households,West,INR,BBB,BBB,0.005600764423613848,0.3191716402508801,2021-03-28,1.9194164354532488,1.9194164354532488,1304307.3899220394,1304307.3899220394,0.0,False,no_commitment,False,11960.968665087861,residential_property,1340255.792085204,1396132.1594660876,1340255.792085204,False,True,True,0.0,0.0,none,UNRATED,0,0
EXP-0000248,BOR-0000248,GRP-000049,2026-06-30,mortgage,mortgage,individual,True,False,True,False,0.0,0.0,mortgage,Households,East,INR,BBB,BBB,0.004563306187955506,0.17776202465396798,2025-07-05,1.4245412612040351,1.4245412612040351,3644249.4990992276,3644249.4990992276,0.0,False,no_commitment,False,11715.0616291289,residential_property,5890926.979222584,5510958.88342294,5890926.979222584,False,True,True,0.0,0.0,none,UNRATED,60,0
EXP-0000249,BOR-0000249,GRP-000049,2026-06-30,mortgage,mortgage,individual,True,False,True,False,0.0,0.0,mortgage,Households,North,INR,BBB,BBB,0.00541716873410107,0.22743975069536107,2022-06-21,4.665772315363426,4.665772315363426,7197508.271508115,7197508.271508115,0.0,False,no_commitment,False,11455.020408050641,residential_property,9647226.73170192,10028035.333321167,9647226.73170192,False,True,True,0.0,5514030.219358325,eligible_bank,AA,15,0
EXP-0000250,BOR-0000250,GRP-000050,2026-06-30,mortgage,mortgage,individual,True,False,True,False,0.0,0.0,mortgage,Households,East,INR,BBB,BBB,0.00412350215685988,0.2566908131144097,2023-12-13,3.4042155260325355,3.4042155260325355,4421595.7651830055,4421595.7651830055,0.0,False,no_commitment,False,25219.68996238707,residential_property,4985534.533896462,5353816.514212728,4985534.533896462,False,True,True,0.0,0.0,none,UNRATED,15,0
EXP-0000251,BOR-0000251,GRP-000050,2026-06-30,mortgage,mortgage,individual,True,False,True,False,0.0,0.0,mortgage,Households,West,INR,BBB,BBB,0.004002061585751991,0.08188576543612151,2019-02-07,1.1907857222190026,1.1907857222190026,5446403.147967703,5446403.147967703,0.0,False,no_commitment,False,27040.558395080992,residential_property,10404483.888402654,10988777.124016711,10404483.888402654,False,True,True,0.0,0.0,none,UNRATED,5,0
EXP-0000252,BOR-0000252,GRP-000050,2026-06-30,mortgage,mortgage,individual,True,False,True,False,0.0,0.0,mortgage,Households,West,INR,BB,BB,0.01649974649556249,0.14377153085021235,2021-03-28,1.0797518544141462,1.0797518544141462,1445710.8016946937,1445710.8016946937,0.0,False,no_commitment,False,4285.1836580738955,residential_property,2300747.6430550967,2445849.5609036125,2300747.6430550967,False,True,True,0.0,724452.6188898825,eligible_bank,AA,30,0
EXP-0000253,BOR-0000253,GRP-000050,2026-06-30,mortgage,mortgage,individual,True,False,True,False,0.0,0.0,mortgage,Households,South,INR,BBB,BBB,0.003997700777374849,0.16506495463304213,2024-07-10,0.25,0.25,2413242.0772487842,2413242.0772487842,0.0,False,no_commitment,False,19878.772376542533,residential_property,4281756.272988094,3991145.5281824227,4281756.272988094,False,True,True,0.0,0.0,none,UNRATED,0,0
EXP-0000254,BOR-0000254,GRP-000050,2026-06-30,mortgage,mortgage,individual,True,False,True,False,0.0,0.0,mortgage,Households,West,INR,A,A,0.0013029628203666474,0.24233199652828985,2017-09-15,3.514894970444661,3.514894970444661,839700.4731900609,839700.4731900609,0.0,False,no_commitment,False,6499.488621350464,residential_property,1122044.8096005218,1127366.6161823103,1122044.8096005218,False,True,True,0.0,0.0,none,UNRATED,0,0
EXP-0000255,BOR-0000255,GRP-000051,2026-06-30,mortgage,mortgage,individual,True,False,True,False,0.0,0.0,mortgage,Households,South,INR,A,A,0.0013671412271744194,0.12712009297133597,2024-11-07,1.2741301528671012,1.2741301528671012,3190398.1996581457,3190398.1996581457,0.0,False,no_commitment,False,15023.92140516762,residential_property,9185677.406021373,8813345.100160036,9185677.406021373,False,True,True,0.0,0.0,none,UNRATED,5,0
EXP-0000256,BOR-0000256,GRP-000051,2026-06-30,mortgage,mortgage,individual,True,False,True,False,0.0,0.0,mortgage,Households,South,INR,BB,BB,0.012278658548229715,0.2613051189597583,2024-01-12,2.8413366996868437,2.8413366996868437,857289.4511981533,857289.4511981533,0.0,False,no_commitment,False,5905.375488685096,residential_property,937720.9806070274,944461.1636564692,937720.9806070274,True,False,True,0.0,0.0,none,UNRATED,15,0
EXP-0000257,BOR-0000257,GRP-000051,2026-06-30,mortgage,mortgage,individual,True,False,True,False,0.0,0.0,mortgage,Households,West,INR,BB,BB,0.0164966623425984,0.26922760900895826,2016-10-20,0.26798323583765704,0.26798323583765704,8322752.876551233,8322752.876551233,0.0,False,no_commitment,False,60277.96742054784,residential_property,10940260.305442119,11301874.81406079,10940260.305442119,False,True,True,0.0,0.0,none,UNRATED,30,0
EXP-0000258,BOR-0000258,GRP-000051,2026-06-30,mortgage,mortgage,individual,True,False,True,False,0.0,0.0,mortgage,Households,North,INR,A,A,0.0015030789450251015,0.2168621593250074,2020-07-01,2.0226988623965005,2.0226988623965005,9615697.531970512,9615697.531970512,0.0,False,no_commitment,False,87244.25510911716,residential_property,12483217.414894156,12976203.10049138,12483217.414894156,False,True,True,0.0,0.0,none,UNRATED,5,0
EXP-0000259,BOR-0000259,GRP-000051,2026-06-30,mortgage,mortgage,individual,True,False,True,False,0.0,0.0,mortgage,Households,East,INR,A,A,0.001405809940913728,0.14230819231613834,2018-11-09,1.8927921043990126,1.8927921043990126,3835045.2667521467,3835045.2667521467,0.0,False,no_commitment,False,20862.45082291555,residential_property,14297248.578649791,15421803.740035828,14297248.578649791,False,True,True,0.0,0.0,none,UNRATED,0,0
EXP-0000260,BOR-0000260,GRP-000052,2026-06-30,mortgage,mortgage,individual,True,False,True,False,0.0,0.0,mortgage,Households,East,INR,BBB,BBB,0.003612107094983635,0.07777123945670293,2016-08-21,2.3956774555391007,2.3956774555391007,1309428.0626804386,1309428.0626804386,0.0,False,no_commitment,False,10799.15295499913,residential_property,2655090.926138849,2849497.317470712,2655090.926138849,False,True,True,0.0,0.0,none,UNRATED,30,0
EXP-0000261,BOR-0000261,GRP-000052,2026-06-30,mortgage,mortgage,individual,True,False,True,False,0.0,0.0,mortgage,Households,West,INR,A,A,0.0016427558870158675,0.2748580318658946,2025-02-05,0.5192288540805065,0.5192288540805065,4468157.77828502,4468157.77828502,0.0,False,no_commitment,False,22118.457638185795,residential_property,4838916.745848259,4643156.394641942,4838916.745848259,False,True,True,0.0,0.0,none,UNRATED,30,0
EXP-0000262,BOR-0000262,GRP-000052,2026-06-30,mortgage,mortgage,individual,True,False,True,False,0.0,0.0,mortgage,Households,South,INR,BB,BB,0.01726240255133257,0.1957504375176753,2020-01-03,1.2163964748136415,1.2163964748136415,11718855.566775814,11718855.566775814,0.0,False,no_commitment,False,127453.29724151311,residential_property,18315261.962917186,19533198.43615879,18315261.962917186,False,True,True,0.0,0.0,none,UNRATED,5,0
EXP-0000263,BOR-0000263,GRP-000052,2026-06-30,mortgage,mortgage,individual,True,False,True,False,0.0,0.0,mortgage,Households,South,INR,BBB,BBB,0.0032635052302714684,0.072069371293947,2025-05-06,2.1701929861352878,2.1701929861352878,4768305.7031051675,4768305.7031051675,0.0,False,no_commitment,False,26949.266015241792,residential_property,12651074.920915855,13428385.951001486,12651074.920915855,True,False,True,0.0,0.0,none,UNRATED,0,0
EXP-0000264,BOR-0000264,GRP-000052,2026-06-30,mortgage,mortgage,individual,True,False,True,False,0.0,0.0,mortgage,Households,South,INR,A,A,0.0011896770307411892,0.1848698005334108,2024-07-10,4.731916819231706,4.731916819231706,7560993.238490564,7560993.238490564,0.0,False,no_commitment,False,82642.89344467824,residential_property,10684261.90748528,11066222.03950724,10684261.90748528,False,True,True,0.0,0.0,none,UNRATED,60,0
EXP-0000265,BOR-0000265,GRP-000053,2026-06-30,mortgage,mortgage,individual,True,False,True,False,0.0,0.0,mortgage,Households,East,INR,B,B,0.05937271618960277,0.23320440748993398,2019-02-07,1.6559865271611043,1.6559865271611043,2553348.1958407923,2553348.1958407923,0.0,False,no_commitment,False,25658.76808912206,residential_property,3250780.874750388,3124732.562279036,3250780.874750388,True,False,True,0.0,0.0,none,UNRATED,15,0
EXP-0000266,BOR-0000266,GRP-000053,2026-06-30,mortgage,mortgage,individual,True,False,True,False,0.0,0.0,mortgage,Households,South,INR,A,A,0.0011710972445387545,0.25834595176191966,2018-03-14,0.6773847749783082,0.6773847749783082,1986702.913719773,1986702.913719773,0.0,False,no_commitment,False,14119.953327352216,residential_property,2612866.750899739,2482536.9878244977,2612866.750899739,False,True,True,0.0,0.0,none,UNRATED,60,0
EXP-0000267,BOR-0000267,GRP-000053,2026-06-30,mortgage,mortgage,individual,True,False,True,False,0.0,0.0,mortgage,Households,East,INR,A,A,0.0016553504492015764,0.19382141690557037,2020-05-02,2.3001509176490447,2.3001509176490447,3342445.292231665,3342445.292231665,0.0,False,no_commitment,False,25794.78643229759,residential_property,5186660.330520686,5133223.086237196,5186660.330520686,False,True,True,0.0,0.0,none,UNRATED,0,0
EXP-0000268,BOR-0000268,GRP-000053,2026-06-30,mortgage,mortgage,individual,True,False,True,False,0.0,0.0,mortgage,Households,East,INR,A,A,0.002006734479563211,0.31073955749278204,2019-01-08,1.4666234133902962,1.4666234133902962,1000404.5696001069,1000404.5696001069,0.0,False,no_commitment,False,6389.616685164356,residential_property,1159155.8141626026,1073667.1915228867,1159155.8141626026,False,True,True,0.0,0.0,none,UNRATED,0,0
EXP-0000269,BOR-0000269,GRP-000053,2026-06-30,mortgage,mortgage,individual,True,False,True,False,0.0,0.0,mortgage,Households,West,INR,A,A,0.0020075746921938845,0.14939029142372479,2023-01-17,4.351851451246054,4.351851451246054,15247575.904698107,15247575.904698107,0.0,False,no_commitment,False,78185.76177538975,residential_property,27689740.175888162,26732412.83392393,27689740.175888162,False,True,True,0.0,0.0,none,UNRATED,0,0
EXP-0000270,BOR-0000270,GRP-000054,2026-06-30,mortgage,mortgage,individual,True,False,True,False,0.0,0.0,mortgage,Households,South,INR,AA,AA,0.0006852246368636947,0.24009914885681508,2021-06-26,1.1290500921956201,1.1290500921956201,3832569.625444764,3832569.625444764,0.0,False,no_commitment,False,35072.277866131364,residential_property,5030839.434490846,4687442.115320563,5030839.434490846,False,True,True,0.0,0.0,none,UNRATED,30,0
EXP-0000271,BOR-0000271,GRP-000054,2026-06-30,mortgage,mortgage,individual,True,False,True,False,0.0,0.0,mortgage,Households,North,INR,A,A,0.0017041233612153307,0.14660364889774094,2024-02-11,5.280014588657215,5.280014588657215,6148237.090864217,6148237.090864217,0.0,False,no_commitment,False,6332.710920677612,residential_property,8872516.745411757,8907307.708700377,8872516.745411757,True,False,True,0.0,0.0,none,UNRATED,0,0
EXP-0000272,BOR-0000272,GRP-000054,2026-06-30,mortgage,mortgage,individual,True,False,True,False,0.0,0.0,mortgage,Households,South,INR,A,A,0.0022497260407661397,0.12645315150202324,2017-04-18,2.5696439304637386,2.5696439304637386,2592914.221040882,2592914.221040882,0.0,False,no_commitment,False,18479.30378638037,residential_property,4005271.9586837925,4079960.5063931285,4005271.9586837925,False,True,True,0.0,0.0,none,UNRATED,60,0
EXP-0000273,BOR-0000273,GRP-000054,2026-06-30,mortgage,mortgage,individual,True,False,True,False,0.0,0.0,mortgage,Households,West,INR,A,A,0.0009853817876700342,0.20216104793805703,2019-07-07,0.892619606559691,0.892619606559691,1283713.215732232,1283713.215732232,0.0,False,no_commitment,False,8922.895579153308,residential_property,2119840.881584604,1988005.5582787266,2119840.881584604,False,True,True,0.0,0.0,none,UNRATED,0,0
EXP-0000274,BOR-0000274,GRP-000054,2026-06-30,mortgage,mortgage,individual,True,False,True,False,0.0,0.0,mortgage,Households,East,INR,BBB,BBB,0.0036792684417838576,0.12999580738799027,2025-04-06,0.7991276065582829,0.7991276065582829,8842260.958096433,8842260.958096433,0.0,False,no_commitment,False,78985.64483114312,residential_property,14457841.328283561,15322842.682783602,14457841.328283561,False,True,True,0.0,0.0,none,UNRATED,0,0
EXP-0000275,BOR-0000275,GRP-000055,2026-06-30,mortgage,mortgage,individual,True,False,True,False,0.0,0.0,mortgage,Households,East,INR,BBB,BBB,0.004660034697632316,0.15373829134540554,2025-10-03,4.774280527688185,4.774280527688185,1685559.8868343502,1685559.8868343502,0.0,False,no_commitment,False,1448.2756874985682,residential_property,2495339.9053884246,2334360.382448349,2495339.9053884246,False,True,True,0.0,0.0,none,UNRATED,15,0
EXP-0000276,BOR-0000276,GRP-000055,2026-06-30,mortgage,mortgage,individual,True,False,True,False,0.0,0.0,mortgage,Households,West,INR,BBB,BBB,0.003764378218137292,0.06873439238624418,2022-11-18,1.6555174360239984,1.6555174360239984,4390785.606912474,4390785.606912474,0.0,False,no_commitment,False,29211.95185748374,residential_property,7079200.88641153,6961641.080549151,7079200.88641153,False,True,True,0.0,0.0,none,UNRATED,30,0
EXP-0000277,BOR-0000277,GRP-000055,2026-06-30,mortgage,mortgage,individual,True,False,True,False,0.0,0.0,mortgage,Households,West,INR,BBB,BBB,0.0050000827218595655,0.25984924295571865,2025-06-05,6.292962918712812,6.292962918712812,4668174.499770689,4668174.499770689,0.0,False,no_commitment,False,4433.135476153494,residential_property,5874711.71859082,5875634.409126132,5874711.71859082,False,True,True,0.0,0.0,none,UNRATED,0,0
EXP-0000278,BOR-0000278,GRP-000055,2026-06-30,mortgage,mortgage,individual,True,False,True,False,0.0,0.0,mortgage,Households,North,INR,BBB,BBB,0.003971765198510569,0.09296479611383639,2025-08-04,1.3508584320618273,1.3508584320618273,3672348.2804832193,3672348.2804832193,0.0,False,no_commitment,False,15678.428527484679,residential_property,6343857.871580958,6427213.0579709215,6343857.871580958,False,True,True,0.0,2646882.946075956,eligible_bank,AA,0,0
EXP-0000279,BOR-0000279,GRP-000055,2026-06-30,mortgage,mortgage,individual,True,False,True,False,0.0,0.0,mortgage,Households,South,INR,BB,BB,0.015359959576272607,0.2536657678506989,2021-11-23,2.7710340938849103,2.7710340938849103,2101777.079003048,2101777.079003048,0.0,False,no_commitment,False,9682.20469881415,residential_property,2244027.150417209,2179077.9718362996,2244027.150417209,False,True,True,0.0,0.0,none,UNRATED,60,0
EXP-0000280,BOR-0000280,GRP-000056,2026-06-30,mortgage,mortgage,individual,True,False,True,False,0.0,0.0,mortgage,Households,North,INR,BB,BB,0.014276413380556427,0.16724126306598286,2019-03-09,2.1432985581469812,2.1432985581469812,3175617.2231022427,3175617.2231022427,0.0,False,no_commitment,False,15743.779915470399,residential_property,5558713.616710546,5748229.2751609925,5558713.616710546,False,True,True,0.0,0.0,none,UNRATED,0,0
EXP-0000281,BOR-0000281,GRP-000056,2026-06-30,mortgage,mortgage,individual,True,False,True,False,0.0,0.0,mortgage,Households,Central,INR,AA,AA,0.0005461412722329032,0.1587866652063028,2018-06-12,2.532789689491576,2.532789689491576,1887456.077304098,1887456.077304098,0.0,False,no_commitment,False,8188.009758617809,residential_property,2283911.8016114403,2225940.569007592,2283911.8016114403,False,True,True,0.0,495125.5284970218,eligible_bank,AA,0,0
EXP-0000282,BOR-0000282,GRP-000056,2026-06-30,mortgage,mortgage,individual,True,False,True,False,0.0,0.0,mortgage,Households,South,INR,A,A,0.001359321005945168,0.28672934034334363,2025-10-03,1.3081001658738178,1.3081001658738178,5922321.211946306,5922321.211946306,0.0,False,no_commitment,False,35447.03546321747,residential_property,7103260.527475452,6822187.72244921,7103260.527475452,False,True,True,0.0,0.0,none,UNRATED,15,0
EXP-0000283,BOR-0000283,GRP-000056,2026-06-30,mortgage,mortgage,individual,True,False,True,False,0.0,0.0,mortgage,Households,East,INR,A,A,0.0015750311368941464,0.153219071528216,2017-05-18,4.274009359559485,4.274009359559485,5074705.386741638,5074705.386741638,0.0,False,no_commitment,False,933.3081640892667,residential_property,7268304.684589921,7213852.238189778,7268304.684589921,False,True,True,0.0,0.0,none,UNRATED,30,0
EXP-0000284,BOR-0000284,GRP-000056,2026-06-30,mortgage,mortgage,individual,True,False,True,False,0.0,0.0,mortgage,Households,Central,INR,A,A,0.0013047917040236586,0.1707389123915317,2020-07-01,5.33805009061783,5.33805009061783,3451646.5807943665,3451646.5807943665,0.0,False,no_commitment,False,41220.880252614945,residential_property,5053291.326265484,4740741.213433696,5053291.326265484,True,False,True,0.0,1646980.1596505484,eligible_bank,AA,0,0
EXP-0000285,BOR-0000285,GRP-000057,2026-06-30,mortgage,mortgage,individual,True,False,True,False,0.0,0.0,mortgage,Households,East,INR,BBB,BBB,0.004748701632464,0.09284536610039612,2020-01-03,3.1975235513375058,3.1975235513375058,2418952.2984330812,2418952.2984330812,0.0,False,no_commitment,False,4082.439816695663,residential_property,4429702.162055683,4760092.861541413,4429702.162055683,False,True,True,0.0,0.0,none,UNRATED,0,0
EXP-0000286,BOR-0000286,GRP-000057,2026-06-30,mortgage,mortgage,individual,True,False,True,False,0.0,0.0,mortgage,Households,West,INR,BBB,BBB,0.004499089430613281,0.08693380124509623,2016-11-19,5.4092558952672825,5.4092558952672825,13770375.796870453,13770375.796870453,0.0,False,no_commitment,False,15923.063221567634,residential_property,23656462.07529695,23846083.18001655,23656462.07529695,False,True,True,0.0,0.0,none,UNRATED,60,0
EXP-0000287,BOR-0000287,GRP-000057,2026-06-30,mortgage,mortgage,individual,True,False,True,False,0.0,0.0,mortgage,Households,Central,INR,AA,AA,0.0007313006159843502,0.15953180680582674,2017-04-18,1.4355471225974854,1.4355471225974854,1501435.090138327,1501435.090138327,0.0,False,no_commitment,False,15688.406008707525,residential_property,2122580.1201758254,2001696.2139040448,2122580.1201758254,False,True,True,0.0,0.0,none,UNRATED,60,0
EXP-0000288,BOR-0000288,GRP-000057,2026-06-30,mortgage,mortgage,individual,True,False,True,False,0.0,0.0,mortgage,Households,West,INR,BBB,BBB,0.003264439167903993,0.1382222055511843,2018-11-09,0.37923778810510206,0.37923778810510206,1282439.9258661869,1282439.9258661869,0.0,False,no_commitment,False,6444.2433956645455,residential_property,1936264.1506587989,2027986.717818028,1936264.1506587989,False,True,True,0.0,0.0,none,UNRATED,15,0
EXP-0000289,BOR-0000289,GRP-000057,2026-06-30,mortgage,mortgage,individual,True,False,True,False,0.0,0.0,mortgage,Households,West,INR,BBB,BBB,0.002945824024938168,0.21178810385716723,2023-08-15,1.2473808911626747,1.2473808911626747,3318321.494334539,3318321.494334539,0.0,False,no_commitment,False,36763.71777482138,residential_property,3809239.9173721666,3943556.4484170144,3809239.9173721666,False,True,True,0.0,0.0,none,UNRATED,0,0
EXP-0000290,BOR-0000290,GRP-000058,2026-06-30,mortgage,mortgage,individual,True,False,True,False,0.0,0.0,mortgage,Households,West,INR,A,A,0.001498870271621889,0.19192947027755403,2017-11-14,1.6528286415240148,1.6528286415240148,2959535.1326568737,2959535.1326568737,0.0,False,no_commitment,False,9794.326536576089,residential_property,4993144.24268944,4937625.731980542,4993144.24268944,False,True,True,0.0,0.0,none,UNRATED,5,0
EXP-0000291,BOR-0000291,GRP-000058,2026-06-30,mortgage,mortgage,individual,True,False,True,False,0.0,0.0,mortgage,Households,East,INR,BB,BB,0.025275468770581767,0.1083301491762878,2016-08-21,3.029129845508671,3.029129845508671,7143419.3629315505,7143419.3629315505,0.0,False,no_commitment,False,53506.68019885559,residential_property,11846288.976897726,12763100.207190176,11846288.976897726,False,True,True,0.0,0.0,none,UNRATED,15,0
EXP-0000292,BOR-0000292,GRP-000058,2026-06-30,mortgage,mortgage,individual,True,False,True,False,0.0,0.0,mortgage,Households,East,INR,A,A,0.0018839727048264804,0.05395328886436465,2022-03-23,2.915353404362215,2.915353404362215,5326735.980584359,5326735.980584359,0.0,False,no_commitment,False,17332.96088189272,residential_property,13764325.155146506,13765679.634925786,13764325.155146506,False,True,True,0.0,0.0,none,UNRATED,60,0
EXP-0000293,BOR-0000293,GRP-000058,2026-06-30,mortgage,mortgage,individual,True,False,True,False,0.0,0.0,mortgage,Households,West,INR,B,B,0.045250904997782705,0.14409245210959526,2021-01-27,4.281937045832581,4.281937045832581,3567819.4113774933,3567819.4113774933,0.0,False,no_commitment,False,35850.02997853802,residential_property,4577650.264395823,4367262.577325076,4577650.264395823,False,True,True,0.0,0.0,none,UNRATED,60,0
EXP-0000294,BOR-0000294,GRP-000058,2026-06-30,mortgage,mortgage,individual,True,False,True,False,0.0,0.0,mortgage,Households,South,INR,A,A,0.001619111095722606,0.2251475721883136,2024-04-11,2.8377612549122047,2.8377612549122047,4845170.944234364,4845170.944234364,0.0,False,no_commitment,False,52734.38905833892,residential_property,6341455.0121295955,6636972.396376456,6341455.0121295955,False,True,True,0.0,0.0,none,UNRATED,30,0
EXP-0000295,BOR-0000295,GRP-000059,2026-06-30,mortgage,mortgage,individual,True,False,True,False,0.0,0.0,mortgage,Households,East,INR,BB,BB,0.01709892924748726,0.1794715207761016,2022-05-22,0.8180123619723407,0.8180123619723407,4788277.315401848,4788277.315401848,0.0,False,no_commitment,False,52836.48537978922,residential_property,5726892.5400111275,6119750.363416298,5726892.5400111275,False,True,True,0.0,0.0,none,UNRATED,15,0
EXP-0000296,BOR-0000296,GRP-000059,2026-06-30,mortgage,mortgage,individual,True,False,True,False,0.0,0.0,mortgage,Households,North,INR,B,B,0.039083997890016486,0.23795099221169114,2023-12-13,0.8040112324793838,0.8040112324793838,13736751.558581414,13736751.558581414,0.0,False,no_commitment,False,26010.10096980309,residential_property,16243359.061901638,15625781.563308006,16243359.061901638,True,False,True,0.0,0.0,none,UNRATED,0,0
EXP-0000297,BOR-0000297,GRP-000059,2026-06-30,mortgage,mortgage,individual,True,False,True,False,0.0,0.0,mortgage,Households,South,INR,B,B,0.06397904845384156,0.29566558413986727,2019-01-08,1.2107448248267514,1.2107448248267514,4126580.807015133,4126580.807015133,0.0,False,no_commitment,False,21955.092626390513,residential_property,5131791.434519723,4726766.564569085,5131791.434519723,False,True,True,0.0,0.0,none,UNRATED,0,0
EXP-0000298,BOR-0000298,GRP-000059,2026-06-30,mortgage,mortgage,individual,True,False,True,False,0.0,0.0,mortgage,Households,Central,INR,BB,BB,0.014554698439197631,0.23610866235179465,2023-06-16,2.9263130608061303,2.9263130608061303,2248049.2322387197,2248049.2322387197,0.0,False,no_commitment,False,11778.746730667568,residential_property,2770957.403240464,2819407.07145006,2770957.403240464,False,True,True,0.0,0.0,none,UNRATED,30,0
EXP-0000299,BOR-0000299,GRP-000059,2026-06-30,mortgage,mortgage,individual,True,False,True,False,0.0,0.0,mortgage,Households,North,INR,BB,BB,0.01475714908469558,0.22530197510837174,2017-10-15,5.158894637789766,5.158894637789766,3982017.830407371,3982017.830407371,0.0,False,no_commitment,False,42737.62545359891,residential_property,5146642.972425566,5338328.692899795,5146642.972425566,False,True,True,0.0,0.0,none,UNRATED,0,0
EXP-0000300,BOR-0000300,GRP-000060,2026-06-30,mortgage,mortgage,individual,True,False,True,False,0.0,0.0,mortgage,Households,West,INR,BBB,BBB,0.004017161665171892,0.2064182462417224,2024-03-12,1.689257457927904,1.689257457927904,638024.4649025596,638024.4649025596,0.0,False,no_commitment,False,6695.139044615988,residential_property,797634.4094753779,767114.3400438112,797634.4094753779,False,True,True,0.0,0.0,none,UNRATED,5,0
EXP-0000301,BOR-0000301,GRP-000060,2026-06-30,mortgage,mortgage,individual,True,False,True,False,0.0,0.0,mortgage,Households,North,INR,BB,BB,0.018431615543163197,0.11953148814178963,2019-09-05,1.4734946639459392,1.4734946639459392,3426509.36987434,3426509.36987434,0.0,False,no_commitment,False,36227.44029043489,residential_property,9601655.756643781,10313954.289854867,9601655.756643781,True,False,True,0.0,0.0,none,UNRATED,5,0
EXP-0000302,BOR-0000302,GRP-000060,2026-06-30,mortgage,mortgage,individual,True,False,True,False,0.0,0.0,mortgage,Households,Central,INR,A,A,0.0013093519493153534,0.11244727899319658,2024-01-12,0.7486279471385155,0.7486279471385155,7122092.514374346,7122092.514374346,0.0,False,no_commitment,False,13266.960504874143,residential_property,14744447.042802151,13960366.25751808,14744447.042802151,False,True,True,0.0,0.0,none,UNRATED,0,0
EXP-0000303,BOR-0000303,GRP-000060,2026-06-30,mortgage,mortgage,individual,True,False,True,False,0.0,0.0,mortgage,Households,South,INR,BBB,BBB,0.0029418533098868787,0.13080525001650253,2019-07-07,1.739578086258633,1.739578086258633,5176776.916701411,5176776.916701411,0.0,False,no_commitment,False,34397.47113615011,residential_property,11371108.487930331,11919026.138894645,11371108.487930331,True,False,True,0.0,0.0,none,UNRATED,0,0
EXP-0000304,BOR-0000304,GRP-000060,2026-06-30,mortgage,mortgage,individual,True,False,True,False,0.0,0.0,mortgage,Households,West,INR,BBB,BBB,0.00423941934885822,0.3190904349182485,2021-01-27,7.95180166356582,7.95180166356582,4249598.028207868,4249598.028207868,0.0,False,no_commitment,False,12495.780604898706,residential_property,4796768.197678864,5085579.799492702,4796768.197678864,True,False,True,0.0,0.0,none,UNRATED,60,0
EXP-0000305,BOR-0000305,GRP-000061,2026-06-30,mortgage,mortgage,individual,True,False,True,False,0.0,0.0,mortgage,Households,West,INR,BB,BB,0.010383227309924761,0.10505366745963737,2018-04-13,7.245730939934089,7.245730939934089,5337558.931990802,5337558.931990802,0.0,False,no_commitment,False,14205.319230045063,residential_property,9941497.479514675,9417992.978879955,9941497.479514675,False,True,True,0.0,0.0,none,UNRATED,30,0
EXP-0000306,BOR-0000306,GRP-000061,2026-06-30,mortgage,mortgage,individual,True,False,True,False,0.0,0.0,mortgage,Households,West,INR,BBB,BBB,0.0037889756821208,0.09835098094410487,2021-03-28,1.5143590556463602,1.5143590556463602,7169814.070360486,7169814.070360486,0.0,False,no_commitment,False,34170.052737670645,residential_property,12709880.140394282,12712612.94109534,12709880.140394282,False,True,True,0.0,0.0,none,UNRATED,0,0
EXP-0000307,BOR-0000307,GRP-000061,2026-06-30,mortgage,mortgage,individual,True,False,True,False,0.0,0.0,mortgage,Households,North,INR,BBB,BBB,0.00495269430873031,0.1682317099929899,2017-04-18,7.909397878878006,7.909397878878006,8838919.876245739,8838919.876245739,0.0,False,no_commitment,False,50202.77608631943,residential_property,13170171.236244168,12175658.554493496,13170171.236244168,False,True,True,0.0,0.0,none,UNRATED,30,0
EXP-0000308,BOR-0000308,GRP-000061,2026-06-30,mortgage,mortgage,individual,True,False,True,False,0.0,0.0,mortgage,Households,North,INR,BBB,BBB,0.004439453413291117,0.15360506678814123,2022-03-23,6.299639068884531,6.299639068884531,4681456.613401273,4681456.613401273,0.0,False,no_commitment,False,3292.6431852609057,residential_property,10208715.64982622,10440476.568426453,10208715.64982622,False,True,True,0.0,0.0,none,UNRATED,0,0
EXP-0000309,BOR-0000309,GRP-000061,2026-06-30,mortgage,mortgage,individual,True,False,True,False,0.0,0.0,mortgage,Households,North,INR,A,A,0.0018095699130424778,0.18572641647104918,2017-02-17,2.9659291847955824,2.9659291847955824,2849918.8952314993,2849918.8952314993,0.0,False,no_commitment,False,4464.728846283707,residential_property,3879062.9533904004,3907910.3276946233,3879062.9533904004,False,True,True,0.0,0.0,none,UNRATED,0,0
EXP-0000310,BOR-0000310,GRP-000062,2026-06-30,mortgage,mortgage,individual,True,False,True,False,0.0,0.0,mortgage,Households,South,INR,A,A,0.001677204390127402,0.12932903052965816,2020-04-02,4.67091548483345,4.67091548483345,778001.8901029278,778001.8901029278,0.0,False,no_commitment,False,7315.572386461497,residential_property,2527345.0476562874,2639871.296248147,2527345.0476562874,False,True,True,0.0,0.0,none,UNRATED,60,0
EXP-0000311,BOR-0000311,GRP-000062,2026-06-30,mortgage,mortgage,individual,True,False,True,False,0.0,0.0,mortgage,Households,West,INR,BBB,BBB,0.006172812502226666,0.13789748077789393,2018-10-10,0.7022776975530672,0.7022776975530672,6609947.399064019,6609947.399064019,0.0,False,no_commitment,False,20601.712016294965,residential_property,14068903.760383895,14071779.799582776,14068903.760383895,False,True,True,0.0,0.0,none,UNRATED,30,0
EXP-0000312,BOR-0000312,GRP-000062,2026-06-30,mortgage,mortgage,individual,True,False,True,False,0.0,0.0,mortgage,Households,South,INR,BBB,BBB,0.003598119069192879,0.2599367254766559,2025-09-03,2.4029725487879965,2.4029725487879965,4892212.241641458,4892212.241641458,0.0,False,no_commitment,False,48974.06268151446,residential_property,6951152.197972941,6788644.560629493,6951152.197972941,False,True,True,0.0,0.0,none,UNRATED,0,0
EXP-0000313,BOR-0000313,GRP-000062,2026-06-30,mortgage,mortgage,individual,True,False,True,False,0.0,0.0,mortgage,Households,South,INR,A,A,0.001611441000352662,0.15228824944257754,2025-11-02,0.703050800674912,0.703050800674912,3865115.771397804,3865115.771397804,0.0,False,no_commitment,False,6872.238198815276,residential_property,8422165.673744634,7932563.994514015,8422165.673744634,False,True,True,0.0,0.0,none,UNRATED,0,0
EXP-0000314,BOR-0000314,GRP-000062,2026-06-30,mortgage,mortgage,individual,True,False,True,False,0.0,0.0,mortgage,Households,West,INR,BBB,BBB,0.003696670968138034,0.23261144740846615,2024-10-08,1.4090156181403466,1.4090156181403466,2237881.135657017,2237881.135657017,0.0,False,no_commitment,False,19224.122519961602,residential_property,2512076.1923317155,2331638.227841398,2512076.1923317155,False,True,True,0.0,0.0,none,UNRATED,5,0
EXP-0000315,BOR-0000315,GRP-000063,2026-06-30,mortgage,mortgage,individual,True,False,True,False,0.0,0.0,mortgage,Households,Central,INR,BBB,BBB,0.004751776697572145,0.09701192127628484,2024-09-08,4.028794999264183,4.028794999264183,6554237.392735961,6554237.392735961,0.0,False,no_commitment,False,29469.761148114805,residential_property,9668906.310703952,9713510.177310215,9668906.310703952,False,True,True,0.0,0.0,none,UNRATED,0,0
EXP-0000316,BOR-0000316,GRP-000063,2026-06-30,mortgage,mortgage,individual,True,False,True,False,0.0,0.0,mortgage,Households,South,INR,BBB,BBB,0.003955910871019905,0.2564930787858382,2019-12-04,1.8950663837829167,1.8950663837829167,2961095.4718410843,2961095.4718410843,0.0,False,no_commitment,False,12702.700897303503,residential_property,3433345.55175657,3663453.3495802176,3433345.55175657,False,True,True,0.0,0.0,none,UNRATED,5,0
EXP-0000317,BOR-0000317,GRP-000063,2026-06-30,mortgage,mortgage,individual,True,False,True,False,0.0,0.0,mortgage,Households,Central,INR,BBB,BBB,0.005450386041230062,0.17127509403577326,2020-12-28,1.4886438561217092,1.4886438561217092,3422559.2718303124,3422559.2718303124,0.0,False,no_commitment,False,41053.077271326,residential_property,4683011.284075667,4882323.862590012,4683011.284075667,True,False,True,0.0,0.0,none,UNRATED,30,0
EXP-0000318,BOR-0000318,GRP-000063,2026-06-30,mortgage,mortgage,individual,True,False,True,False,0.0,0.0,mortgage,Households,West,INR,BBB,BBB,0.0036355030394230924,0.15254568788214368,2022-04-22,3.0707871194346166,3.0707871194346166,3374915.832638387,3374915.832638387,0.0,False,no_commitment,False,13977.105351176015,residential_property,5052481.4517449625,4966080.523486623,5052481.4517449625,False,True,True,0.0,0.0,none,UNRATED,30,0
EXP-0000319,BOR-0000319,GRP-000063,2026-06-30,mortgage,mortgage,individual,True,False,True,False,0.0,0.0,mortgage,Households,North,INR,A,A,0.0019323712635688401,0.0851402442963364,2025-01-06,2.4554889564797935,2.4554889564797935,4688752.639246455,4688752.639246455,0.0,False,no_commitment,False,23931.978613603675,residential_property,9366557.016137699,10091492.399575714,9366557.016137699,False,True,True,0.0,0.0,none,UNRATED,30,0
EXP-0000320,BOR-0000320,GRP-000064,2026-06-30,mortgage,mortgage,individual,True,False,True,False,0.0,0.0,mortgage,Households,Central,INR,B,B,0.05563364370847012,0.21905682596291576,2017-03-19,5.071705084631682,5.071705084631682,1658895.73532144,1658895.73532144,0.0,False,no_commitment,False,18342.40579030978,residential_property,2003606.489962196,1902304.1702616538,2003606.489962196,False,True,True,0.0,0.0,none,UNRATED,0,0
EXP-0000321,BOR-0000321,GRP-000064,2026-06-30,mortgage,mortgage,individual,True,False,True,False,0.0,0.0,mortgage,Households,South,INR,B,B,0.04970870223229906,0.1835227081269235,2022-09-19,3.3242566231194415,3.3242566231194415,5045121.207225671,5045121.207225671,0.0,False,no_commitment,False,18308.57016394135,residential_property,6771853.953736469,7311033.2512087505,6771853.953736469,True,False,True,0.0,0.0,none,UNRATED,5,0
EXP-0000322,BOR-0000322,GRP-000064,2026-06-30,mortgage,mortgage,individual,True,False,True,False,0.0,0.0,mortgage,Households,West,INR,BBB,BBB,0.004410261487570864,0.3151944502416776,2025-09-03,0.6638755117941783,0.6638755117941783,2190622.0324265794,2190622.0324265794,0.0,False,no_commitment,False,25217.261188722023,residential_property,2138464.57471968,2046129.3623685092,2138464.57471968,False,True,True,0.0,0.0,none,UNRATED,30,0
EXP-0000323,BOR-0000323,GRP-000064,2026-06-30,mortgage,mortgage,individual,True,False,True,False,0.0,0.0,mortgage,Households,South,INR,BBB,BBB,0.004192603707633117,0.2060011549318809,2020-03-03,1.0722566743583697,1.0722566743583697,2241153.209391513,2241153.209391513,0.0,False,no_commitment,False,11237.555519989326,residential_property,2764030.147590877,2617301.5415841783,2764030.147590877,False,True,True,0.0,0.0,none,UNRATED,15,0
EXP-0000324,BOR-0000324,GRP-000064,2026-06-30,mortgage,mortgage,individual,True,False,True,False,0.0,0.0,mortgage,Households,Central,INR,BBB,BBB,0.00426467596879069,0.11692623103664075,2017-11-14,1.1689578533515435,1.1689578533515435,6222482.851736395,6222482.851736395,0.0,False,no_commitment,False,21127.74093053868,residential_property,10328775.34728946,10920956.761074137,10328775.34728946,False,True,True,0.0,0.0,none,UNRATED,15,0
EXP-0000325,BOR-0000325,GRP-000065,2026-06-30,mortgage,mortgage,individual,True,False,True,False,0.0,0.0,mortgage,Households,South,INR,BB,BB,0.014451719556744862,0.2096153251315952,2020-11-28,1.4084668839294436,1.4084668839294436,1833074.237867074,1833074.237867074,0.0,False,no_commitment,False,2707.3128957232807,residential_property,2548762.4973575226,2536060.899710679,2548762.4973575226,False,True,True,0.0,0.0,none,UNRATED,30,0
EXP-0000326,BOR-0000326,GRP-000065,2026-06-30,mortgage,mortgage,individual,True,False,True,False,0.0,0.0,mortgage,Households,North,INR,BBB,BBB,0.0035254512059476524,0.20045135870952135,2023-02-16,0.8569362602622762,0.8569362602622762,6215216.311801975,6215216.311801975,0.0,False,no_commitment,False,34696.82525334478,residential_property,8378973.458808896,8904311.768616315,8378973.458808896,False,True,True,0.0,0.0,none,UNRATED,0,0
EXP-0000327,BOR-0000327,GRP-000065,2026-06-30,mortgage,mortgage,individual,True,False,True,False,0.0,0.0,mortgage,Households,Central,INR,BB,BB,0.014122049913094004,0.25359173490565556,2023-09-14,2.7091875042077977,2.7091875042077977,3738376.1758212377,3738376.1758212377,0.0,False,no_commitment,False,14528.002159414109,residential_property,4308359.613857709,4479343.066804422,4308359.613857709,False,True,True,0.0,0.0,none,UNRATED,30,0
EXP-0000328,BOR-0000328,GRP-000065,2026-06-30,mortgage,mortgage,individual,True,False,True,False,0.0,0.0,mortgage,Households,East,INR,BBB,BBB,0.00295449655294437,0.2630529293151574,2020-06-01,1.2647433425330106,1.2647433425330106,1198874.3581990362,1198874.3581990362,0.0,False,no_commitment,False,6736.352631642705,residential_property,1339946.7778936594,1266352.62024592,1339946.7778936594,False,True,True,0.0,0.0,none,UNRATED,30,0
EXP-0000329,BOR-0000329,GRP-000065,2026-06-30,mortgage,mortgage,individual,True,False,True,False,0.0,0.0,mortgage,Households,North,INR,BBB,BBB,0.004654549186229495,0.127508397560546,2019-01-08,1.8380403648712167,1.8380403648712167,8496652.582142113,8496652.582142113,0.0,False,no_commitment,False,88158.53662415485,residential_property,13225098.910501411,12425084.70142887,13225098.910501411,False,True,True,0.0,0.0,none,UNRATED,0,0
EXP-0000330,BOR-0000330,GRP-000066,2026-06-30,mortgage,mortgage,individual,True,False,True,False,0.0,0.0,mortgage,Households,Central,INR,A,A,0.001200977241288136,0.1702882442346007,2022-02-21,1.3349483323893954,1.3349483323893954,4282032.976019424,4282032.976019424,0.0,False,no_commitment,False,51206.843279008055,residential_property,9241237.66473882,9162526.813693816,9241237.66473882,False,True,True,0.0,0.0,none,UNRATED,0,0
EXP-0000331,BOR-0000331,GRP-000066,2026-06-30,mortgage,mortgage,individual,True,False,True,False,0.0,0.0,mortgage,Households,North,INR,BB,BB,0.014423715060426931,0.1911310483368931,2020-08-30,3.6633501660748573,3.6633501660748573,4521956.622778369,4521956.622778369,0.0,False,no_commitment,False,23319.996183696916,residential_property,12743382.591672748,12868868.899355281,12743382.591672748,False,True,True,0.0,2208751.873723532,eligible_bank,AA,0,0
EXP-0000332,BOR-0000332,GRP-000066,2026-06-30,mortgage,mortgage,individual,True,False,True,False,0.0,0.0,mortgage,Households,South,INR,A,A,0.001685585895070995,0.16334776314219523,2020-04-02,1.0562455111584117,1.0562455111584117,6736028.247040317,6736028.247040317,0.0,False,no_commitment,False,27173.010840887084,residential_property,14143101.639547678,13969343.169926416,14143101.639547678,False,True,True,0.0,2065779.7726344655,eligible_bank,AA,60,0
EXP-0000333,BOR-0000333,GRP-000066,2026-06-30,mortgage,mortgage,individual,True,False,True,False,0.0,0.0,mortgage,Households,Central,INR,BBB,BBB,0.004652411885571844,0.06639949697454782,2020-05-02,8.09246010773809,8.09246010773809,9274386.423087375,9274386.423087375,0.0,False,no_commitment,False,104449.71008670313,residential_property,16288055.726175016,15537472.824651804,16288055.726175016,False,True,True,0.0,0.0,none,UNRATED,5,0
EXP-0000334,BOR-0000334,GRP-000066,2026-06-30,mortgage,mortgage,individual,True,False,True,False,0.0,0.0,mortgage,Households,West,INR,BB,BB,0.010898365811792366,0.2546525207591459,2025-09-03,4.723351380636081,4.723351380636081,3988560.7479771604,3988560.7479771604,0.0,False,no_commitment,False,288.4894584803882,residential_property,4308524.659563615,4113800.3069105335,4308524.659563615,False,True,True,0.0,2271749.635252046,eligible_bank,AA,60,0
EXP-0000335,BOR-0000335,GRP-000067,2026-06-30,mortgage,mortgage,individual,True,False,True,False,0.0,0.0,mortgage,Households,West,INR,A,A,0.0014754048911060358,0.3036725694508556,2020-07-01,1.1070231208519126,1.1070231208519126,5227848.036564931,5227848.036564931,0.0,False,no_commitment,False,25125.049641011108,residential_property,5631539.705533536,5640468.188963513,5631539.705533536,False,True,True,0.0,0.0,none,UNRATED,0,0
EXP-0000336,BOR-0000336,GRP-000067,2026-06-30,mortgage,mortgage,individual,True,False,True,False,0.0,0.0,mortgage,Households,West,INR,BBB,BBB,0.004345098407992322,0.21270158624764587,2024-11-07,5.07994340278225,5.07994340278225,4455030.126923187,4455030.126923187,0.0,False,no_commitment,False,22680.384305856085,residential_property,5346717.051123035,4931212.428177781,5346717.051123035,False,True,True,0.0,0.0,none,UNRATED,15,0
EXP-0000337,BOR-0000337,GRP-000067,2026-06-30,mortgage,mortgage,individual,True,False,True,False,0.0,0.0,mortgage,Households,South,INR,A,A,0.001514110303096725,0.23371339894913223,2017-01-18,1.6204385219793005,1.6204385219793005,2800782.8268941115,2800782.8268941115,0.0,False,no_commitment,False,21408.611808233134,residential_property,3185720.4047537437,3154601.3578913435,3185720.4047537437,True,False,True,0.0,0.0,none,UNRATED,60,0
EXP-0000338,BOR-0000338,GRP-000067,2026-06-30,mortgage,mortgage,individual,True,False,True,False,0.0,0.0,mortgage,Households,West,INR,BB,BB,0.019105642179221085,0.07200349021128458,2021-01-27,3.2506604634358918,3.2506604634358918,1250482.368421924,1250482.368421924,0.0,False,no_commitment,False,13229.0896083384,residential_property,2274666.224047137,2104785.076714442,2274666.224047137,True,False,True,0.0,0.0,none,UNRATED,0,0
EXP-0000339,BOR-0000339,GRP-000067,2026-06-30,mortgage,mortgage,individual,True,False,True,False,0.0,0.0,mortgage,Households,Central,INR,A,A,0.001293743386485921,0.10731905025267809,2020-10-29,1.9139022819922857,1.9139022819922857,4024748.026958705,4024748.026958705,0.0,False,no_commitment,False,28754.47626458365,residential_property,9759417.92871957,10342070.66612251,9759417.92871957,False,True,True,0.0,0.0,none,UNRATED,30,0
EXP-0000340,BOR-0000340,GRP-000068,2026-06-30,mortgage,mortgage,individual,True,False,True,False,0.0,0.0,mortgage,Households,West,INR,B,B,0.03457723792004307,0.09124555501132797,2019-01-08,2.7825051974515094,2.7825051974515094,8576900.133476054,8576900.133476054,0.0,False,no_commitment,False,72942.09132881796,residential_property,17191961.362664036,17522353.989483953,17191961.362664036,False,True,True,0.0,0.0,none,UNRATED,0,0
EXP-0000341,BOR-0000341,GRP-000068,2026-06-30,mortgage,mortgage,individual,True,False,True,False,0.0,0.0,mortgage,Households,North,INR,A,A,0.001735549002198972,0.05,2025-07-05,6.296201580674642,6.296201580674642,5113731.613117287,5113731.613117287,0.0,False,no_commitment,False,53507.798400823885,residential_property,15779185.087730804,14921272.9923575,15779185.087730804,False,True,True,0.0,0.0,none,UNRATED,60,0
EXP-0000342,BOR-0000342,GRP-000068,2026-06-30,mortgage,mortgage,individual,True,False,True,False,0.0,0.0,mortgage,Households,South,INR,B,B,0.04539252772275762,0.16030060227546342,2021-10-24,5.530534174515738,5.530534174515738,1748814.0882505947,1748814.0882505947,0.0,False,no_commitment,False,2094.7665595559065,residential_property,3638605.1530011306,3794958.4920127667,3638605.1530011306,True,False,True,0.0,0.0,none,UNRATED,30,0
EXP-0000343,BOR-0000343,GRP-000068,2026-06-30,mortgage,mortgage,individual,True,False,True,False,0.0,0.0,mortgage,Households,West,INR,BB,BB,0.010930017393450574,0.1488596626496235,2017-11-14,3.526230373168091,3.526230373168091,7143136.368255559,7143136.368255559,0.0,False,no_commitment,False,77610.28903211633,residential_property,12231627.987538923,12217177.711070178,12231627.987538923,False,True,True,0.0,0.0,none,UNRATED,30,0
EXP-0000344,BOR-0000344,GRP-000068,2026-06-30,mortgage,mortgage,individual,True,False,True,False,0.0,0.0,mortgage,Households,East,INR,BBB,BBB,0.0038874838797860493,0.13555578091952414,2017-03-19,1.4961806382621645,1.4961806382621645,2862248.6718217423,2862248.6718217423,0.0,False,no_commitment,False,34042.4862736061,residential_property,4098648.5156871956,4105669.765739062,4098648.5156871956,False,True,True,0.0,0.0,none,UNRATED,0,0
EXP-0000345,BOR-0000345,GRP-000069,2026-06-30,mortgage,mortgage,individual,True,False,True,False,0.0,0.0,mortgage,Households,Central,INR,BB,BB,0.01871921687866798,0.21044909945737952,2025-12-02,1.5585882392530368,1.5585882392530368,898477.2899197349,898477.2899197349,0.0,False,no_commitment,False,5175.301925160293,residential_property,1296452.1440743727,1245865.054809014,1296452.1440743727,False,True,True,0.0,0.0,none,UNRATED,60,0
EXP-0000346,BOR-0000346,GRP-000069,2026-06-30,mortgage,mortgage,individual,True,False,True,False,0.0,0.0,mortgage,Households,South,INR,BB,BB,0.011949204772105834,0.12560113028740266,2021-01-27,1.172021481628324,1.172021481628324,6782870.896320285,6782870.896320285,0.0,False,no_commitment,False,15372.889684666437,residential_property,12270875.490426501,12062283.231130296,12270875.490426501,False,True,True,0.0,0.0,none,UNRATED,0,0
EXP-0000347,BOR-0000347,GRP-000069,2026-06-30,mortgage,mortgage,individual,True,False,True,False,0.0,0.0,mortgage,Households,North,INR,B,B,0.07613455817814903,0.251596648785764,2022-12-18,0.35062623203597226,0.35062623203597226,1893194.403301822,1893194.403301822,0.0,False,no_commitment,False,18001.081401122967,residential_property,2469208.53097632,2618607.0751700765,2469208.53097632,False,True,True,0.0,1023552.4071278273,eligible_bank,AA,0,0
EXP-0000348,BOR-0000348,GRP-000069,2026-06-30,mortgage,mortgage,individual,True,False,True,False,0.0,0.0,mortgage,Households,Central,INR,A,A,0.0012900054215175926,0.1482299172517789,2023-12-13,3.1603726455764636,3.1603726455764636,11136593.647362627,11136593.647362627,0.0,False,no_commitment,False,63760.3083007814,residential_property,20028934.970547363,18898343.05065055,20028934.970547363,False,True,True,0.0,4791305.056698524,eligible_bank,AA,5,0
EXP-0000349,BOR-0000349,GRP-000069,2026-06-30,mortgage,mortgage,individual,True,False,True,False,0.0,0.0,mortgage,Households,South,INR,BBB,BBB,0.004063140979838566,0.1439809127207178,2022-07-21,3.286608920704704,3.286608920704704,7380310.263723991,7380310.263723991,0.0,False,no_commitment,False,4882.075506077866,residential_property,10987385.394351471,11204860.205130627,10987385.394351471,False,True,True,0.0,0.0,none,UNRATED,15,0
EXP-0000350,BOR-0000350,GRP-000070,2026-06-30,mortgage,mortgage,individual,True,False,True,False,0.0,0.0,mortgage,Households,Central,INR,A,A,0.0012044478821991512,0.1434113249271649,2019-10-05,1.6327382829164976,1.6327382829164976,3018299.039064996,3018299.039064996,0.0,False,no_commitment,False,7449.664041187844,residential_property,6271099.330177992,5987042.932433159,6271099.330177992,True,False,True,0.0,0.0,none,UNRATED,30,0
EXP-0000351,BOR-0000351,GRP-000070,2026-06-30,mortgage,mortgage,individual,True,False,True,False,0.0,0.0,mortgage,Households,Central,INR,BBB,BBB,0.004030071927786003,0.273023592051425,2025-03-07,2.625421544722478,2.625421544722478,4717820.187473439,4717820.187473439,0.0,False,no_commitment,False,54385.50895204961,residential_property,5517444.408820344,5468718.19771971,5517444.408820344,False,True,True,0.0,0.0,none,UNRATED,60,0
EXP-0000352,BOR-0000352,GRP-000070,2026-06-30,mortgage,mortgage,individual,True,False,True,False,0.0,0.0,mortgage,Households,West,INR,A,A,0.001464319310748356,0.20883151089434998,2025-01-06,2.046396104362525,2.046396104362525,16916847.792988963,16916847.792988963,0.0,False,no_commitment,False,59515.14549709234,residential_property,25116252.064610116,25248951.22747834,25116252.064610116,True,False,True,0.0,0.0,none,UNRATED,0,0
EXP-0000353,BOR-0000353,GRP-000070,2026-06-30,mortgage,mortgage,individual,True,False,True,False,0.0,0.0,mortgage,Households,East,INR,BBB,BBB,0.0030592979413214894,0.253778346917718,2021-03-28,0.5666482022214627,0.5666482022214627,6704423.5714946,6704423.5714946,0.0,False,no_commitment,False,63941.253829703295,residential_property,8536314.507568775,8019751.018369237,8536314.507568775,False,True,True,0.0,0.0,none,UNRATED,30,0
EXP-0000354,BOR-0000354,GRP-000070,2026-06-30,mortgage,mortgage,individual,True,False,True,False,0.0,0.0,mortgage,Households,East,INR,BBB,BBB,0.006652170653929868,0.19274036495061808,2018-04-13,1.3851670620196492,1.3851670620196492,4086108.232259168,4086108.232259168,0.0,False,no_commitment,False,16091.008829369908,residential_property,8820579.813435452,8225734.506812526,8820579.813435452,True,False,True,0.0,0.0,none,UNRATED,0,0
EXP-0000355,BOR-0000355,GRP-000071,2026-06-30,mortgage,mortgage,individual,True,False,True,False,0.0,0.0,mortgage,Households,East,INR,BBB,BBB,0.003658794313850362,0.21619488375103402,2019-08-06,1.162598675307162,1.162598675307162,22890295.98712381,22890295.98712381,0.0,False,no_commitment,False,37656.90612821258,residential_property,32716682.604379,32633238.037619844,32716682.604379,False,True,True,0.0,0.0,none,UNRATED,5,0
EXP-0000356,BOR-0000356,GRP-000071,2026-06-30,mortgage,mortgage,individual,True,False,True,False,0.0,0.0,mortgage,Households,North,INR,BBB,BBB,0.0036593703635779606,0.18380640504274304,2023-10-14,0.867164554747715,0.867164554747715,3777984.3460321166,3777984.3460321166,0.0,False,no_commitment,False,18640.112391596595,residential_property,4923759.195859386,4852339.979915168,4923759.195859386,False,True,True,0.0,0.0,none,UNRATED,60,0
EXP-0000357,BOR-0000357,GRP-000071,2026-06-30,mortgage,mortgage,individual,True,False,True,False,0.0,0.0,mortgage,Households,West,INR,BB,BB,0.01785844774658287,0.12620549892655236,2016-11-19,1.6206885108723765,1.6206885108723765,5108687.902858351,5108687.902858351,0.0,False,no_commitment,False,24565.58281739189,residential_property,15838802.641928962,16905692.663236693,15838802.641928962,False,True,True,0.0,0.0,none,UNRATED,30,0
EXP-0000358,BOR-0000358,GRP-000071,2026-06-30,mortgage,mortgage,individual,True,False,True,False,0.0,0.0,mortgage,Households,West,INR,BB,BB,0.020792993523001825,0.21708524175655852,2017-08-16,2.5680676520278607,2.5680676520278607,1904509.310495397,1904509.310495397,0.0,False,no_commitment,False,12864.065416517507,residential_property,2192678.862281593,2262141.5936335735,2192678.862281593,False,True,True,0.0,0.0,none,UNRATED,60,0
EXP-0000359,BOR-0000359,GRP-000071,2026-06-30,mortgage,mortgage,individual,True,False,True,False,0.0,0.0,mortgage,Households,West,INR,BBB,BBB,0.004899107263330255,0.16232862883416782,2024-10-08,0.32572241988094536,0.32572241988094536,1178444.9211017152,1178444.9211017152,0.0,False,no_commitment,False,4192.140470931183,residential_property,2575285.25659543,2738790.1402501566,2575285.25659543,True,False,True,0.0,0.0,none,UNRATED,0,0
EXP-0000360,BOR-0000360,GRP-000072,2026-06-30,mortgage,mortgage,individual,True,False,True,False,0.0,0.0,mortgage,Households,South,INR,BBB,BBB,0.003222256656119615,0.15548844608230772,2023-04-17,1.498723439404756,1.498723439404756,2902845.5461807456,2902845.5461807456,0.0,False,no_commitment,False,22421.479404597176,residential_property,4112535.3232871364,4394362.128004925,4112535.3232871364,False,True,True,0.0,0.0,none,UNRATED,5,0
EXP-0000361,BOR-0000361,GRP-000072,2026-06-30,mortgage,mortgage,individual,True,False,True,False,0.0,0.0,mortgage,Households,East,INR,B,B,0.05196272461142785,0.37613222102991883,2018-12-09,1.6383327375126067,1.6383327375126067,3588478.2374172476,3588478.2374172476,0.0,False,no_commitment,False,31060.299651418463,residential_property,3684611.6111245863,3401082.5333677833,3684611.6111245863,True,False,True,0.0,0.0,none,UNRATED,0,0
EXP-0000362,BOR-0000362,GRP-000072,2026-06-30,mortgage,mortgage,individual,True,False,True,False,0.0,0.0,mortgage,Households,North,INR,A,A,0.0010691009496194609,0.22834531006653996,2020-05-02,3.7275931981695165,3.7275931981695165,4335271.761558413,4335271.761558413,0.0,False,no_commitment,False,18347.187248789833,residential_property,5208575.286889131,5525140.944746316,5208575.286889131,True,False,True,0.0,0.0,none,UNRATED,15,0
EXP-0000363,BOR-0000363,GRP-000072,2026-06-30,mortgage,mortgage,individual,True,False,True,False,0.0,0.0,mortgage,Households,South,INR,A,A,0.00176433177814202,0.1184624049304785,2025-08-04,1.1269842000295924,1.1269842000295924,1390845.4339229902,1390845.4339229902,0.0,False,no_commitment,False,9400.346873993301,residential_property,3337677.4877095516,3582516.6695420453,3337677.4877095516,False,True,True,0.0,0.0,none,UNRATED,0,0
EXP-0000364,BOR-0000364,GRP-000072,2026-06-30,mortgage,mortgage,individual,True,False,True,False,0.0,0.0,mortgage,Households,Central,INR,A,A,0.001117541566931028,0.1414242569378793,2022-02-21,1.2124486735396496,1.2124486735396496,5377380.060030407,5377380.060030407,0.0,False,no_commitment,False,62354.69281593279,residential_property,8405649.514222402,8341958.854675072,8405649.514222402,False,True,True,0.0,0.0,none,UNRATED,0,0
EXP-0000365,BOR-0000365,GRP-000073,2026-06-30,mortgage,mortgage,individual,True,False,True,False,0.0,0.0,mortgage,Households,South,INR,BBB,BBB,0.0034615557366019538,0.2333749317815638,2019-06-07,3.233933327976718,3.233933327976718,2040127.6468155282,2040127.6468155282,0.0,False,no_commitment,False,7257.954121635528,residential_property,2319162.142282255,2369622.5192296794,2319162.142282255,False,True,True,0.0,0.0,none,UNRATED,0,0
EXP-0000366,BOR-0000366,GRP-000073,2026-06-30,mortgage,mortgage,individual,True,False,True,False,0.0,0.0,mortgage,Households,Central,INR,BBB,BBB,0.003997695581145791,0.10143789047569633,2024-06-10,3.0151387266531833,3.0151387266531833,5198864.841795009,5198864.841795009,0.0,False,no_commitment,False,59150.48127131074,residential_property,9787973.2600642,9546762.08625725,9787973.2600642,False,True,True,0.0,0.0,none,UNRATED,60,0
EXP-0000367,BOR-0000367,GRP-000073,2026-06-30,mortgage,mortgage,individual,True,False,True,False,0.0,0.0,mortgage,Households,West,INR,BB,BB,0.01625095021942347,0.15281319467496673,2017-06-17,0.5761095537992089,0.5761095537992089,6426725.675494843,6426725.675494843,0.0,False,no_commitment,False,20455.287687364496,residential_property,10556028.038331257,9878174.937403819,10556028.038331257,False,True,True,0.0,0.0,none,UNRATED,0,0
EXP-0000368,BOR-0000368,GRP-000073,2026-06-30,mortgage,mortgage,individual,True,False,True,False,0.0,0.0,mortgage,Households,East,INR,BBB,BBB,0.0038164708292751565,0.14332284018890976,2018-08-11,2.268322627051358,2.268322627051358,2706569.754728384,2706569.754728384,0.0,False,no_commitment,False,16183.340736267839,residential_property,4480630.699259612,4310441.8559107855,4480630.699259612,False,True,True,0.0,0.0,none,UNRATED,60,0
EXP-0000369,BOR-0000369,GRP-000073,2026-06-30,mortgage,mortgage,individual,True,False,True,False,0.0,0.0,mortgage,Households,North,INR,BBB,BBB,0.005257887988042743,0.19615636869265612,2017-06-17,6.529685995029738,6.529685995029738,1870640.082716762,1870640.082716762,0.0,False,no_commitment,False,18444.1217736259,residential_property,2439201.90586566,2275499.9052843316,2439201.90586566,False,True,True,0.0,0.0,none,UNRATED,15,0
EXP-0000370,BOR-0000370,GRP-000074,2026-06-30,mortgage,mortgage,individual,True,False,True,False,0.0,0.0,mortgage,Households,East,INR,BB,BB,0.017085554252020633,0.13072716092118666,2017-05-18,2.679736147524424,2.679736147524424,9546122.248873182,9546122.248873182,0.0,False,no_commitment,False,20801.539606594648,residential_property,23356629.9184533,23307266.435509462,23356629.9184533,False,True,True,0.0,0.0,none,UNRATED,0,0
EXP-0000371,BOR-0000371,GRP-000074,2026-06-30,mortgage,mortgage,individual,True,False,True,False,0.0,0.0,mortgage,Households,North,INR,BB,BB,0.01684578802711491,0.19610500541207013,2021-12-23,2.21782723102108,2.21782723102108,6172820.284228027,6172820.284228027,0.0,False,no_commitment,False,20588.538037491042,residential_property,7950170.425807874,8145537.24133361,7950170.425807874,False,True,True,0.0,0.0,none,UNRATED,0,0
EXP-0000372,BOR-0000372,GRP-000074,2026-06-30,mortgage,mortgage,individual,True,False,True,False,0.0,0.0,mortgage,Households,South,INR,A,A,0.0012022237246027733,0.12575761923529694,2023-10-14,2.297405277589457,2.297405277589457,3863399.848192054,3863399.848192054,0.0,False,no_commitment,False,23511.156219231885,residential_property,6848492.33898711,6306339.53461313,6848492.33898711,False,True,True,0.0,0.0,none,UNRATED,30,0
EXP-0000373,BOR-0000373,GRP-000074,2026-06-30,mortgage,mortgage,individual,True,False,True,False,0.0,0.0,mortgage,Households,North,INR,BBB,BBB,0.005431311224906374,0.23139396991746053,2021-01-27,5.461948931651091,5.461948931651091,9090600.9297463,9090600.9297463,0.0,False,no_commitment,False,13928.150668490476,residential_property,13607202.935520168,13016897.653543696,13607202.935520168,True,False,True,0.0,5074778.233866043,eligible_bank,AA,30,0
EXP-0000374,BOR-0000374,GRP-000074,2026-06-30,mortgage,mortgage,individual,True,False,True,False,0.0,0.0,mortgage,Households,East,INR,BBB,BBB,0.00346164058826373,0.13428642935481852,2021-08-25,2.413626264677699,2.413626264677699,3694639.8831896996,3694639.8831896996,0.0,False,no_commitment,False,35965.53223348244,residential_property,5848060.024773318,5449239.663870222,5848060.024773318,False,True,True,0.0,747572.1940316164,eligible_bank,AA,0,0
EXP-0000375,BOR-0000375,GRP-000075,2026-06-30,mortgage,mortgage,individual,True,False,True,False,0.0,0.0,mortgage,Households,West,INR,A,A,0.0020507852037742586,0.20260497996823498,2019-02-07,4.0675951042310174,4.0675951042310174,2338321.307275072,2338321.307275072,0.0,False,no_commitment,False,5882.401624447632,residential_property,3029069.1330033154,3254791.7961509717,3029069.1330033154,False,True,True,0.0,0.0,none,UNRATED,5,0
EXP-0000376,BOR-0000376,GRP-000075,2026-06-30,mortgage,mortgage,individual,True,False,True,False,0.0,0.0,mortgage,Households,North,INR,A,A,0.002158600766185834,0.1284786892891836,2019-05-08,5.255606108471502,5.255606108471502,1825139.8726638055,1825139.8726638055,0.0,False,no_commitment,False,10471.858315199754,residential_property,2738710.09358186,2871531.5112930806,2738710.09358186,False,True,True,0.0,0.0,none,UNRATED,5,0
EXP-0000377,BOR-0000377,GRP-000075,2026-06-30,mortgage,mortgage,individual,True,False,True,False,0.0,0.0,mortgage,Households,South,INR,B,B,0.0548334923346748,0.261405035190831,2020-07-01,0.9440378160801939,0.9440378160801939,3263151.775136508,3263151.775136508,0.0,False,no_commitment,False,12523.938649577694,residential_property,3566777.82038219,3299120.544599868,3566777.82038219,False,True,True,0.0,0.0,none,UNRATED,5,0
EXP-0000378,BOR-0000378,GRP-000075,2026-06-30,mortgage,mortgage,individual,True,False,True,False,0.0,0.0,mortgage,Households,West,INR,BBB,BBB,0.004816544290265061,0.2541555430474679,2024-03-12,0.6267905807609883,0.6267905807609883,5779870.509215428,5779870.509215428,0.0,False,no_commitment,False,45283.4283491949,residential_property,6895550.2652382525,7241969.318922332,6895550.2652382525,False,True,True,0.0,0.0,none,UNRATED,0,0
EXP-0000379,BOR-0000379,GRP-000075,2026-06-30,mortgage,mortgage,individual,True,False,True,False,0.0,0.0,mortgage,Households,East,INR,BBB,BBB,0.0022964599929897007,0.1014988654816406,2018-02-12,4.4692194813216775,4.4692194813216775,8637441.863097759,8637441.863097759,0.0,False,no_commitment,False,67708.56073093358,residential_property,16150935.552500648,16996630.394094143,16150935.552500648,False,True,True,0.0,0.0,none,UNRATED,60,0
EXP-0000380,BOR-0000380,GRP-000076,2026-06-30,mortgage,mortgage,individual,True,False,True,False,0.0,0.0,mortgage,Households,North,INR,BB,BB,0.014482626611279593,0.22818549668599944,2019-03-09,4.3276154828125835,4.3276154828125835,3553896.5061315345,3553896.5061315345,0.0,False,no_commitment,False,12500.846410012518,residential_property,3939578.830082454,4131981.404961157,3939578.830082454,False,True,True,0.0,0.0,none,UNRATED,60,0
EXP-0000381,BOR-0000381,GRP-000076,2026-06-30,mortgage,mortgage,individual,True,False,True,False,0.0,0.0,mortgage,Households,South,INR,BBB,BBB,0.00487775062599846,0.2058578170895028,2026-01-01,0.5893141074577114,0.5893141074577114,7700568.610506813,7700568.610506813,0.0,False,no_commitment,False,22894.641437206094,residential_property,10631752.821351292,11275474.455133114,10631752.821351292,False,True,True,0.0,0.0,none,UNRATED,0,0
EXP-0000382,BOR-0000382,GRP-000076,2026-06-30,mortgage,mortgage,individual,True,False,True,False,0.0,0.0,mortgage,Households,East,INR,B,B,0.05905297094408644,0.1988845062090055,2021-04-27,2.5444760295501534,2.5444760295501534,3044960.222989939,3044960.222989939,0.0,False,no_commitment,False,2084.726076104998,residential_property,4356913.185686558,4334902.734216311,4356913.185686558,False,True,True,0.0,0.0,none,UNRATED,5,0
EXP-0000383,BOR-0000383,GRP-000076,2026-06-30,mortgage,mortgage,individual,True,False,True,False,0.0,0.0,mortgage,Households,North,INR,BB,BB,0.012043197771359097,0.2524514746693782,2024-06-10,0.8541250694233586,0.8541250694233586,2105860.6772448905,2105860.6772448905,0.0,False,no_commitment,False,12769.5195020564,residential_property,2586431.117285641,2478592.8443705216,2586431.117285641,False,True,True,0.0,0.0,none,UNRATED,60,0
EXP-0000384,BOR-0000384,GRP-000076,2026-06-30,mortgage,mortgage,individual,True,False,True,False,0.0,0.0,mortgage,Households,West,INR,BBB,BBB,0.0037940133641261855,0.07663121280037104,2017-11-14,3.7399402305156757,3.7399402305156757,1497293.831681092,1497293.831681092,0.0,False,no_commitment,False,8358.554451735366,residential_property,3037077.9914368046,3217090.699316004,3037077.9914368046,False,True,True,0.0,0.0,none,UNRATED,30,0
EXP-0000385,BOR-0000385,GRP-000077,2026-06-30,mortgage,mortgage,individual,True,False,True,False,0.0,0.0,mortgage,Households,South,INR,BBB,BBB,0.002533872006546135,0.16796887489209283,2023-12-13,0.7389829109523744,0.7389829109523744,2518609.5741827963,2518609.5741827963,0.0,False,no_commitment,False,28165.67384051343,residential_property,5783319.483842663,6092978.621008469,5783319.483842663,False,True,True,0.0,0.0,none,UNRATED,5,0
EXP-0000386,BOR-0000386,GRP-000077,2026-06-30,mortgage,mortgage,individual,True,False,True,False,0.0,0.0,mortgage,Households,North,INR,CCC,CCC,0.19389088688947684,0.1551051607073775,2024-08-09,0.6061521967498505,0.6061521967498505,1534394.1930834793,1534394.1930834793,0.0,False,no_commitment,False,9431.046884746545,residential_property,2275738.7291530045,2193706.3104215814,2275738.7291530045,True,False,True,0.0,0.0,none,UNRATED,15,0
EXP-0000387,BOR-0000387,GRP-000077,2026-06-30,mortgage,mortgage,individual,True,False,True,False,0.0,0.0,mortgage,Households,South,INR,BB,BB,0.010687246224248265,0.09184055968875324,2022-10-19,0.38904664930472793,0.38904664930472793,12922184.057536753,12922184.057536753,0.0,False,no_commitment,False,53362.41116539784,residential_property,22793314.81691723,23087692.396771956,22793314.81691723,False,True,True,0.0,0.0,none,UNRATED,30,0
EXP-0000388,BOR-0000388,GRP-000077,2026-06-30,mortgage,mortgage,individual,True,False,True,False,0.0,0.0,mortgage,Households,North,INR,B,B,0.06128340062557966,0.35432241877041326,2016-10-20,1.9379318900556999,1.9379318900556999,4656693.493780501,4656693.493780501,0.0,False,no_commitment,False,13762.21150850488,residential_property,4554080.242014192,4595568.672663951,4554080.242014192,False,True,True,0.0,0.0,none,UNRATED,5,0
EXP-0000389,BOR-0000389,GRP-000077,2026-06-30,mortgage,mortgage,individual,True,False,True,False,0.0,0.0,mortgage,Households,North,INR,A,A,0.0018558737010350797,0.166734586993748,2020-01-03,0.9767948331198935,0.9767948331198935,3289097.8470072136,3289097.8470072136,0.0,False,no_commitment,False,15091.260148854044,residential_property,6090187.489544804,6078034.851502581,6090187.489544804,False,True,True,0.0,0.0,none,UNRATED,60,0
EXP-0000390,BOR-0000390,GRP-000078,2026-06-30,mortgage,mortgage,individual,True,False,True,False,0.0,0.0,mortgage,Households,West,INR,BB,BB,0.013772366739922154,0.16223700148795264,2018-12-09,2.0490682974012557,2.0490682974012557,10719495.725666068,10719495.725666068,0.0,False,no_commitment,False,56475.43685931197,residential_property,15837514.438188968,16112738.626560388,15837514.438188968,True,False,True,0.0,2433729.7565024337,eligible_bank,AA,15,0
EXP-0000391,BOR-0000391,GRP-000078,2026-06-30,mortgage,mortgage,individual,True,False,True,False,0.0,0.0,mortgage,Households,Central,INR,BBB,BBB,0.004393490565618528,0.15496105898435766,2018-07-12,3.4416043947621437,3.4416043947621437,1501236.6152927321,1501236.6152927321,0.0,False,no_commitment,False,4928.519435654869,residential_property,2136584.195890812,1994362.7836618372,2136584.195890812,True,False,True,0.0,0.0,none,UNRATED,0,0
EXP-0000392,BOR-0000392,GRP-000078,2026-06-30,mortgage,mortgage,individual,True,False,True,False,0.0,0.0,mortgage,Households,North,INR,A,A,0.001442513874575772,0.2737936720167857,2017-07-17,3.297769689561368,3.297769689561368,3201502.1616100357,3201502.1616100357,0.0,False,no_commitment,False,8187.681373624038,residential_property,3640898.097039198,3614476.1287786975,3640898.097039198,False,True,True,0.0,0.0,none,UNRATED,0,0
EXP-0000393,BOR-0000393,GRP-000078,2026-06-30,mortgage,mortgage,individual,True,False,True,False,0.0,0.0,mortgage,Households,West,INR,BBB,BBB,0.004178021763627153,0.07336392872777156,2021-01-27,2.574486430598815,2.574486430598815,12839815.556005694,12839815.556005694,0.0,False,no_commitment,False,133383.3841146811,residential_property,25632230.64528551,24729450.84684809,25632230.64528551,False,True,True,0.0,0.0,none,UNRATED,30,0
EXP-0000394,BOR-0000394,GRP-000078,2026-06-30,mortgage,mortgage,individual,True,False,True,False,0.0,0.0,mortgage,Households,North,INR,BBB,BBB,0.0032536832584938798,0.2093052123952393,2021-01-27,4.024808455564148,4.024808455564148,3187180.4010629053,3187180.4010629053,0.0,False,no_commitment,False,8904.560709557485,residential_property,8049474.425972572,7408572.261055645,8049474.425972572,False,True,True,0.0,0.0,none,UNRATED,5,0
EXP-0000395,BOR-0000395,GRP-000079,2026-06-30,mortgage,mortgage,individual,True,False,True,False,0.0,0.0,mortgage,Households,South,INR,AA,AA,0.0006711403814596687,0.23383828706521995,2026-01-01,3.365201092480465,3.365201092480465,17170485.05160626,17170485.05160626,0.0,False,no_commitment,False,124041.16655575445,residential_property,18929949.72587006,18988026.24634011,18929949.72587006,False,True,True,0.0,0.0,none,UNRATED,15,0
EXP-0000396,BOR-0000396,GRP-000079,2026-06-30,mortgage,mortgage,individual,True,False,True,False,0.0,0.0,mortgage,Households,West,INR,BBB,BBB,0.002976895621201608,0.188614663720514,2025-09-03,1.5626499011276056,1.5626499011276056,5832268.974694921,5832268.974694921,0.0,False,no_commitment,False,68908.95296666844,residential_property,8530597.554258516,8345932.312222152,8530597.554258516,False,True,True,0.0,0.0,none,UNRATED,0,0
EXP-0000397,BOR-0000397,GRP-000079,2026-06-30,mortgage,mortgage,individual,True,False,True,False,0.0,0.0,mortgage,Households,Central,INR,BB,BB,0.010790463900265024,0.22258975287521757,2020-12-28,1.822772545910711,1.822772545910711,8179367.370926363,8179367.370926363,0.0,False,no_commitment,False,72509.94561606595,residential_property,10127288.16887354,10015868.442606995,10127288.16887354,False,True,True,0.0,0.0,none,UNRATED,60,0
EXP-0000398,BOR-0000398,GRP-000079,2026-06-30,mortgage,mortgage,individual,True,False,True,False,0.0,0.0,mortgage,Households,West,INR,A,A,0.0014674379823948686,0.19937688500486456,2024-07-10,1.4327237596792415,1.4327237596792415,8334842.366122167,8334842.366122167,0.0,False,no_commitment,False,62757.15484940988,residential_property,10218794.302361613,9583349.831095174,10218794.302361613,False,True,True,0.0,0.0,none,UNRATED,30,0
EXP-0000399,BOR-0000399,GRP-000079,2026-06-30,mortgage,mortgage,individual,True,False,True,False,0.0,0.0,mortgage,Households,Central,INR,BBB,BBB,0.0038507601516201886,0.21118975350805697,2016-09-20,1.0261416576643752,1.0261416576643752,3503647.4963490805,3503647.4963490805,0.0,False,no_commitment,False,1180.8475347631504,residential_property,4145830.614394578,4149558.898300189,4145830.614394578,False,True,True,0.0,0.0,none,UNRATED,0,0
EXP-0000400,BOR-0000400,GRP-000080,2026-06-30,mortgage,mortgage,individual,True,False,True,False,0.0,0.0,mortgage,Households,East,INR,BBB,BBB,0.004200941524301646,0.18289109561202732,2021-01-27,11.676086783163571,11.676086783163571,2548297.2384740515,2548297.2384740515,0.0,False,no_commitment,False,28775.261716116824,residential_property,4206754.710095098,4052030.8781268783,4206754.710095098,False,True,True,0.0,0.0,none,UNRATED,60,0
EXP-0000401,BOR-0000401,GRP-000080,2026-06-30,mortgage,mortgage,individual,True,False,True,False,0.0,0.0,mortgage,Households,North,INR,BBB,BBB,0.003558656239799937,0.136920081130439,2024-07-10,4.534826181428322,4.534826181428322,3246984.633454272,3246984.633454272,0.0,False,no_commitment,False,782.8550049155682,residential_property,5801491.380982691,5337912.374247018,5801491.380982691,True,False,True,0.0,0.0,none,UNRATED,0,0
EXP-0000402,BOR-0000402,GRP-000080,2026-06-30,mortgage,mortgage,individual,True,False,True,False,0.0,0.0,mortgage,Households,West,INR,B,B,0.07020696378087038,0.09563609123572818,2022-04-22,5.753581212532578,5.753581212532578,1842745.983277896,1842745.983277896,0.0,False,no_commitment,False,11288.30092966146,residential_property,5573332.273569185,5823027.368683317,5573332.273569185,True,False,True,0.0,0.0,none,UNRATED,30,0
EXP-0000403,BOR-0000403,GRP-000080,2026-06-30,mortgage,mortgage,individual,True,False,True,False,0.0,0.0,mortgage,Households,West,INR,BB,BB,0.015439962242975664,0.1004024522308071,2021-01-27,1.9600532910430397,1.9600532910430397,3353106.0467125913,3353106.0467125913,0.0,False,no_commitment,False,38704.62525498838,residential_property,6694606.913173467,6831539.637242935,6694606.913173467,False,True,True,0.0,0.0,none,UNRATED,60,0
EXP-0000404,BOR-0000404,GRP-000080,2026-06-30,mortgage,mortgage,individual,True,False,True,False,0.0,0.0,mortgage,Households,East,INR,A,A,0.0015642145738064357,0.1463598394663886,2025-05-06,3.175704967456705,3.175704967456705,3489990.5779613242,3489990.5779613242,0.0,False,no_commitment,False,38485.88492463145,residential_property,5128073.089493616,5150977.937989482,5128073.089493616,True,False,True,0.0,0.0,none,UNRATED,60,0
EXP-0000405,BOR-0000405,GRP-000081,2026-06-30,mortgage,mortgage,individual,True,False,True,False,0.0,0.0,mortgage,Households,North,INR,CCC,CCC,0.18650516793803773,0.15115670674191853,2018-02-12,4.474492933381741,4.474492933381741,10493601.762232918,10493601.762232918,0.0,False,no_commitment,False,41831.911925255336,residential_property,19052856.94297843,19424942.366038553,19052856.94297843,False,True,True,0.0,5648991.329997304,eligible_bank,AA,60,0
EXP-0000406,BOR-0000406,GRP-000081,2026-06-30,mortgage,mortgage,individual,True,False,True,False,0.0,0.0,mortgage,Households,South,INR,BB,BB,0.017967669023805824,0.15228111863350785,2020-07-31,9.00839593214314,9.00839593214314,5146887.589705837,5146887.589705837,0.0,False,no_commitment,False,44451.31539137359,residential_property,10811724.838910423,10506689.88386534,10811724.838910423,False,True,True,0.0,0.0,none,UNRATED,0,0
EXP-0000407,BOR-0000407,GRP-000081,2026-06-30,mortgage,mortgage,individual,True,False,True,False,0.0,0.0,mortgage,Households,North,INR,A,A,0.0016638733749445326,0.1924570298815067,2023-04-17,0.3450482607550473,0.3450482607550473,16256037.5458887,16256037.5458887,0.0,False,no_commitment,False,138821.6373752439,residential_property,23956257.505851712,22511356.73676049,23956257.505851712,False,True,True,0.0,0.0,none,UNRATED,5,0
EXP-0000408,BOR-0000408,GRP-000081,2026-06-30,mortgage,mortgage,individual,True,False,True,False,0.0,0.0,mortgage,Households,North,INR,BB,BB,0.01624221022464404,0.27516737684724124,2021-10-24,3.3471688301916345,3.3471688301916345,859898.6934621277,859898.6934621277,0.0,False,no_commitment,False,1767.6651695946255,residential_property,957250.976723391,935337.8966540148,957250.976723391,False,True,True,0.0,0.0,none,UNRATED,0,0
EXP-0000409,BOR-0000409,GRP-000081,2026-06-30,mortgage,mortgage,individual,True,False,True,False,0.0,0.0,mortgage,Households,East,INR,A,A,0.0017124793744826173,0.18833283796678246,2025-10-03,3.0655659139903895,3.0655659139903895,1586744.7070415718,1586744.7070415718,0.0,False,no_commitment,False,18218.186236937756,residential_property,2402421.232952886,2513462.496818194,2402421.232952886,False,True,True,0.0,0.0,none,UNRATED,30,0
EXP-0000410,BOR-0000410,GRP-000082,2026-06-30,mortgage,mortgage,individual,True,False,True,False,0.0,0.0,mortgage,Households,North,INR,CCC,CCC,0.1296095171759688,0.062286254335421065,2017-12-14,3.333208224559387,3.333208224559387,2778159.0761144618,2778159.0761144618,0.0,False,no_commitment,False,10435.825966473321,residential_property,5819100.959137459,5919902.71371897,5819100.959137459,False,True,True,0.0,0.0,none,UNRATED,15,0
EXP-0000411,BOR-0000411,GRP-000082,2026-06-30,mortgage,mortgage,individual,True,False,True,False,0.0,0.0,mortgage,Households,South,INR,BBB,BBB,0.00289985803983858,0.27088129592985116,2019-05-08,3.66202209102497,3.66202209102497,9233926.553238967,9233926.553238967,0.0,False,no_commitment,False,30080.587900710285,residential_property,10418367.860686507,10903851.715666799,10418367.860686507,False,True,True,0.0,0.0,none,UNRATED,0,0
EXP-0000412,BOR-0000412,GRP-000082,2026-06-30,mortgage,mortgage,individual,True,False,True,False,0.0,0.0,mortgage,Households,South,INR,BBB,BBB,0.003945610862163933,0.15739568181197697,2018-06-12,1.4787353289214518,1.4787353289214518,3259382.591432817,3259382.591432817,0.0,False,no_commitment,False,4095.383426202986,residential_property,6053830.585915105,6443485.644794664,6053830.585915105,False,True,True,0.0,0.0,none,UNRATED,0,0
EXP-0000413,BOR-0000413,GRP-000082,2026-06-30,mortgage,mortgage,individual,True,False,True,False,0.0,0.0,mortgage,Households,North,INR,A,A,0.0014475664110291078,0.2841119311499311,2021-08-25,2.1030747045152083,2.1030747045152083,1348072.137227571,1348072.137227571,0.0,False,no_commitment,False,13277.296097299586,residential_property,1462921.427553687,1404324.3733201793,1462921.427553687,True,False,True,0.0,0.0,none,UNRATED,60,0
EXP-0000414,BOR-0000414,GRP-000082,2026-06-30,mortgage,mortgage,individual,True,False,True,False,0.0,0.0,mortgage,Households,East,INR,BB,BB,0.016650095847739715,0.1534660292631129,2019-04-08,1.1970048122974466,1.1970048122974466,2984499.5713421856,2984499.5713421856,0.0,False,no_commitment,False,16505.138268136518,residential_property,4773158.017940229,5089658.83478898,4773158.017940229,False,True,True,0.0,0.0,none,UNRATED,5,0
EXP-0000415,BOR-0000415,GRP-000083,2026-06-30,mortgage,mortgage,individual,True,False,True,False,0.0,0.0,mortgage,Households,West,INR,AA,AA,0.0006021657246918195,0.1555036545278862,2023-06-16,2.5188943875343797,2.5188943875343797,1606927.709444307,1606927.709444307,0.0,False,no_commitment,False,18990.289207044294,residential_property,2337240.20551074,2398045.4844700103,2337240.20551074,True,False,True,0.0,0.0,none,UNRATED,15,0
EXP-0000416,BOR-0000416,GRP-000083,2026-06-30,mortgage,mortgage,individual,True,False,True,False,0.0,0.0,mortgage,Households,West,INR,A,A,0.001665625612846594,0.26191853054731973,2019-05-08,3.0974113126641583,3.0974113126641583,1414684.048944579,1414684.048944579,0.0,False,no_commitment,False,14257.059292946737,residential_property,1512461.9575031598,1527169.9108432059,1512461.9575031598,False,True,True,0.0,0.0,none,UNRATED,15,0
EXP-0000417,BOR-0000417,GRP-000083,2026-06-30,mortgage,mortgage,individual,True,False,True,False,0.0,0.0,mortgage,Households,South,INR,A,A,0.0011987243618546525,0.10168478786762485,2024-05-11,1.77921450810306,1.77921450810306,12832757.09552867,12832757.09552867,0.0,False,no_commitment,False,58702.91980972766,residential_property,29149097.174862668,29164065.912669256,29149097.174862668,False,True,True,0.0,0.0,none,UNRATED,15,0
EXP-0000418,BOR-0000418,GRP-000083,2026-06-30,mortgage,mortgage,individual,True,False,True,False,0.0,0.0,mortgage,Households,East,INR,BB,BB,0.01497101769514777,0.1278055236467006,2017-05-18,3.2687616223683613,3.2687616223683613,2784914.5902994317,2784914.5902994317,0.0,False,no_commitment,False,25434.402791063632,residential_property,5666360.115197561,5638001.305726723,5666360.115197561,False,True,True,0.0,0.0,none,UNRATED,0,0
EXP-0000419,BOR-0000419,GRP-000083,2026-06-30,mortgage,mortgage,individual,True,False,True,False,0.0,0.0,mortgage,Households,West,INR,A,A,0.001178302561083322,0.1301064527874367,2021-04-27,0.7542656568832146,0.7542656568832146,3916946.238107614,3916946.238107614,0.0,False,no_commitment,False,4485.85795218545,residential_property,6374336.993925181,5939758.084888476,6374336.993925181,False,True,True,0.0,0.0,none,UNRATED,0,0
EXP-0000420,BOR-0000420,GRP-000084,2026-06-30,mortgage,mortgage,individual,True,False,True,False,0.0,0.0,mortgage,Households,West,INR,B,B,0.05360580870757595,0.09658728279315122,2020-01-03,0.8017360608985423,0.8017360608985423,3294786.4081581407,3294786.4081581407,0.0,False,no_commitment,False,32084.464499286103,residential_property,5098666.957028946,4735348.536361848,5098666.957028946,True,False,True,0.0,2339410.987513318,eligible_bank,AA,0,0
EXP-0000421,BOR-0000421,GRP-000084,2026-06-30,mortgage,mortgage,individual,True,False,True,False,0.0,0.0,mortgage,Households,West,INR,BBB,BBB,0.0028525206828119718,0.38696481199412386,2017-05-18,5.5737392568947675,5.5737392568947675,2972165.5023430595,2972165.5023430595,0.0,False,no_commitment,False,28531.817979431795,residential_property,2655730.2913606283,2583908.8350192276,2655730.2913606283,False,True,True,0.0,0.0,none,UNRATED,60,0
EXP-0000422,BOR-0000422,GRP-000084,2026-06-30,mortgage,mortgage,individual,True,False,True,False,0.0,0.0,mortgage,Households,East,INR,AA,AA,0.0006388217557346203,0.1382775385006398,2023-03-18,1.9369196591142381,1.9369196591142381,2026546.8743426565,2026546.8743426565,0.0,False,no_commitment,False,8076.209257791809,residential_property,3904492.0962826256,3719297.418271582,3904492.0962826256,False,True,True,0.0,0.0,none,UNRATED,30,0
EXP-0000423,BOR-0000423,GRP-000084,2026-06-30,mortgage,mortgage,individual,True,False,True,False,0.0,0.0,mortgage,Households,West,INR,AA,AA,0.0004605906864250422,0.13243427185042003,2019-04-08,1.281105089847533,1.281105089847533,2860082.514913132,2860082.514913132,0.0,False,no_commitment,False,13190.452024867476,residential_property,6380154.697817353,5958157.53020055,6380154.697817353,False,True,True,0.0,0.0,none,UNRATED,60,0
EXP-0000424,BOR-0000424,GRP-000084,2026-06-30,mortgage,mortgage,individual,True,False,True,False,0.0,0.0,mortgage,Households,Central,INR,A,A,0.0013999410174323542,0.08721035668436593,2025-12-02,1.0827525517895449,1.0827525517895449,4357794.276809249,4357794.276809249,0.0,False,no_commitment,False,6501.141985999763,residential_property,8529507.668852158,7880497.11368318,8529507.668852158,False,True,True,0.0,0.0,none,UNRATED,0,0
EXP-0000425,BOR-0000425,GRP-000085,2026-06-30,mortgage,mortgage,individual,True,False,True,False,0.0,0.0,mortgage,Households,West,INR,BBB,BBB,0.004699148610386824,0.16974486280067802,2025-10-03,1.461315973665225,1.461315973665225,8801093.026579896,8801093.026579896,0.0,False,no_commitment,False,49101.66033834556,residential_property,12405294.9450584,13354821.825412413,12405294.9450584,False,True,True,0.0,0.0,none,UNRATED,0,0
EXP-0000426,BOR-0000426,GRP-000085,2026-06-30,mortgage,mortgage,individual,True,False,True,False,0.0,0.0,mortgage,Households,East,INR,BB,BB,0.015626662642007898,0.22369598025928134,2022-04-22,4.124456656450999,4.124456656450999,6479194.079976282,6479194.079976282,0.0,False,no_commitment,False,9126.769982970029,residential_property,8597131.005698178,8201104.4749733545,8597131.005698178,False,True,True,0.0,0.0,none,UNRATED,15,0
EXP-0000427,BOR-0000427,GRP-000085,2026-06-30,mortgage,mortgage,individual,True,False,True,False,0.0,0.0,mortgage,Households,South,INR,A,A,0.001115437012781126,0.12092517119709595,2023-05-17,2.5576030489688826,2.5576030489688826,1584659.384949381,1584659.384949381,0.0,False,no_commitment,False,6972.720509259899,residential_property,2882272.1640725,3105793.4713935773,2882272.1640725,False,True,True,0.0,0.0,none,UNRATED,0,0
EXP-0000428,BOR-0000428,GRP-000085,2026-06-30,mortgage,mortgage,individual,True,False,True,False,0.0,0.0,mortgage,Households,South,INR,BB,BB,0.013290098829221494,0.14747406907690006,2017-04-18,1.0594624614871986,1.0594624614871986,6654604.628226314,6654604.628226314,0.0,False,no_commitment,False,46478.116495986986,residential_property,9879513.524394173,9949858.310929857,9879513.524394173,False,True,True,0.0,0.0,none,UNRATED,60,0
EXP-0000429,BOR-0000429,GRP-000085,2026-06-30,mortgage,mortgage,individual,True,False,True,False,0.0,0.0,mortgage,Households,West,INR,A,A,0.0011447851454717821,0.3547748549385714,2018-03-14,3.614054949640939,3.614054949640939,4767383.757827992,4767383.757827992,0.0,False,no_commitment,False,39393.2206199461,residential_property,4764123.203158839,4529219.541556509,4764123.203158839,True,False,True,0.0,0.0,none,UNRATED,30,0
EXP-0000430,BOR-0000430,GRP-000086,2026-06-30,mortgage,mortgage,individual,True,False,True,False,0.0,0.0,mortgage,Households,West,INR,BB,BB,0.011056225590561342,0.1432621315853685,2019-12-04,3.329955234850231,3.329955234850231,2331925.4928769423,2331925.4928769423,0.0,False,no_commitment,False,15797.11436496329,residential_property,3449702.9170421045,3253925.9902604613,3449702.9170421045,False,True,True,0.0,0.0,none,UNRATED,30,0
EXP-0000431,BOR-0000431,GRP-000086,2026-06-30,mortgage,mortgage,individual,True,False,True,False,0.0,0.0,mortgage,Households,West,INR,B,B,0.05107026232033495,0.08884191310616638,2021-09-24,4.001411521698731,4.001411521698731,3939784.7152466495,3939784.7152466495,0.0,False,no_commitment,False,9378.85083876879,residential_property,5437423.488928186,5177127.122195431,5437423.488928186,True,False,True,0.0,0.0,none,UNRATED,30,0
EXP-0000432,BOR-0000432,GRP-000086,2026-06-30,mortgage,mortgage,individual,True,False,True,False,0.0,0.0,mortgage,Households,South,INR,BB,BB,0.01659172211048271,0.3083297826261319,2024-12-07,1.596386371230473,1.596386371230473,5077147.752509149,5077147.752509149,0.0,False,no_commitment,False,58951.46360758585,residential_property,5122595.438107605,5010945.7239878485,5122595.438107605,False,True,True,0.0,0.0,none,UNRATED,30,0
EXP-0000433,BOR-0000433,GRP-000086,2026-06-30,mortgage,mortgage,individual,True,False,True,False,0.0,0.0,mortgage,Households,North,INR,BBB,BBB,0.00433015538412054,0.12510756629943678,2017-04-18,2.2443544801195072,2.2443544801195072,3608699.2345740143,3608699.2345740143,0.0,False,no_commitment,False,19746.880401078703,residential_property,6545376.442569386,6236425.798152863,6545376.442569386,True,False,True,0.0,0.0,none,UNRATED,5,0
EXP-0000434,BOR-0000434,GRP-000086,2026-06-30,mortgage,mortgage,individual,True,False,True,False,0.0,0.0,mortgage,Households,West,INR,BB,BB,0.016718619321482355,0.12202912854015444,2017-06-17,4.999093103677779,4.999093103677779,4782297.768443822,4782297.768443822,0.0,False,no_commitment,False,56358.73902023503,residential_property,8852491.91857555,9317101.107795652,8852491.91857555,False,True,True,0.0,0.0,none,UNRATED,0,0
EXP-0000435,BOR-0000435,GRP-000087,2026-06-30,mortgage,mortgage,individual,True,False,True,False,0.0,0.0,mortgage,Households,East,INR,AA,AA,0.0005987150060799289,0.15092792443833197,2016-12-19,2.1978278141261067,2.1978278141261067,1997396.9493093921,1997396.9493093921,0.0,False,no_commitment,False,20241.52453623193,residential_property,3384534.8908493887,3312529.346358267,3384534.8908493887,False,True,True,0.0,629922.6431796348,eligible_bank,AA,60,0
EXP-0000436,BOR-0000436,GRP-000087,2026-06-30,mortgage,mortgage,individual,True,False,True,False,0.0,0.0,mortgage,Households,North,INR,A,A,0.0014279714471623908,0.11321287111251875,2021-10-24,2.1836145935051565,2.1836145935051565,12782841.927290564,12782841.927290564,0.0,False,no_commitment,False,124096.19511932218,residential_property,22029689.114010993,22124664.29148768,22029689.114010993,True,False,True,0.0,0.0,none,UNRATED,0,0
EXP-0000437,BOR-0000437,GRP-000087,2026-06-30,mortgage,mortgage,individual,True,False,True,False,0.0,0.0,mortgage,Households,South,INR,A,A,0.0012365344014635834,0.15591391881552918,2018-05-13,1.734125097142249,1.734125097142249,998728.7034425315,998728.7034425315,0.0,False,no_commitment,False,10051.710201152982,residential_property,2770953.805654034,2771499.5186425056,2770953.805654034,False,True,True,0.0,0.0,none,UNRATED,60,0
EXP-0000438,BOR-0000438,GRP-000087,2026-06-30,mortgage,mortgage,individual,True,False,True,False,0.0,0.0,mortgage,Households,North,INR,BBB,BBB,0.003695367544426877,0.13243649506410204,2025-07-05,8.49421244132781,8.49421244132781,5095543.140581398,5095543.140581398,0.0,False,no_commitment,False,18065.40774552803,residential_property,7348009.195808869,7535574.106372206,7348009.195808869,False,True,True,0.0,0.0,none,UNRATED,30,0
EXP-0000439,BOR-0000439,GRP-000087,2026-06-30,mortgage,mortgage,individual,True,False,True,False,0.0,0.0,mortgage,Households,West,INR,BB,BB,0.0118249001662685,0.1851400682768065,2021-03-28,5.836537480562157,5.836537480562157,4442242.068854043,4442242.068854043,0.0,False,no_commitment,False,5450.889045412516,residential_property,6284294.271274864,6784425.01491059,6284294.271274864,True,False,True,0.0,0.0,none,UNRATED,30,0
EXP-0000440,BOR-0000440,GRP-000088,2026-06-30,mortgage,mortgage,individual,True,False,True,False,0.0,0.0,mortgage,Households,West,INR,BBB,BBB,0.00343550718277244,0.13522653696092957,2018-05-13,1.3513944598126253,1.3513944598126253,5315760.962864905,5315760.962864905,0.0,False,no_commitment,False,29522.69301614436,residential_property,8326640.458766328,8251451.439020901,8326640.458766328,True,False,True,0.0,0.0,none,UNRATED,5,0
EXP-0000441,BOR-0000441,GRP-000088,2026-06-30,mortgage,mortgage,individual,True,False,True,False,0.0,0.0,mortgage,Households,North,INR,BB,BB,0.015242034485629977,0.2233056815238706,2017-05-18,1.4569203629660212,1.4569203629660212,2208519.187243256,2208519.187243256,0.0,False,no_commitment,False,4355.8056880059185,residential_property,3101547.6750919856,3013538.210261465,3101547.6750919856,False,True,True,0.0,0.0,none,UNRATED,30,0
EXP-0000442,BOR-0000442,GRP-000088,2026-06-30,mortgage,mortgage,individual,True,False,True,False,0.0,0.0,mortgage,Households,West,INR,A,A,0.0014685272272619272,0.16102130514463506,2016-11-19,2.714464589379922,2.714464589379922,7483802.638296459,7483802.638296459,0.0,False,no_commitment,False,57472.27593009176,residential_property,10483300.181829542,11278481.97082244,10483300.181829542,False,True,True,0.0,0.0,none,UNRATED,15,0
EXP-0000443,BOR-0000443,GRP-000088,2026-06-30,mortgage,mortgage,individual,True,False,True,False,0.0,0.0,mortgage,Households,Central,INR,BB,BB,0.026041755951580498,0.12248295814778207,2022-01-22,3.5136067023106925,3.5136067023106925,3262766.729268094,3262766.729268094,0.0,False,no_commitment,False,26565.146217291785,residential_property,7311453.838926855,7893589.047740845,7311453.838926855,False,True,True,0.0,0.0,none,UNRATED,30,0
EXP-0000444,BOR-0000444,GRP-000088,2026-06-30,mortgage,mortgage,individual,True,False,True,False,0.0,0.0,mortgage,Households,South,INR,A,A,0.0011772979037665307,0.19398865905139429,2022-06-21,0.26250339752657387,0.26250339752657387,1618861.7164376818,1618861.7164376818,0.0,False,no_commitment,False,2826.3306603941282,residential_property,2251330.7998865987,2352526.4044631287,2251330.7998865987,False,True,True,0.0,0.0,none,UNRATED,0,0
EXP-0000445,BOR-0000445,GRP-000089,2026-06-30,mortgage,mortgage,individual,True,False,True,False,0.0,0.0,mortgage,Households,West,INR,A,A,0.001466600794429396,0.21713143352409117,2024-11-07,0.6421947436133395,0.6421947436133395,1717957.724927798,1717957.724927798,0.0,False,no_commitment,False,15220.509508907195,residential_property,2245851.810693234,2352815.4058249816,2245851.810693234,True,False,True,0.0,0.0,none,UNRATED,30,0
EXP-0000446,BOR-0000446,GRP-000089,2026-06-30,mortgage,mortgage,individual,True,False,True,False,0.0,0.0,mortgage,Households,West,INR,BB,BB,0.011608974015948481,0.09445379423846162,2019-04-08,3.5437869681645635,3.5437869681645635,3795519.3903675196,3795519.3903675196,0.0,False,no_commitment,False,6646.565751925431,residential_property,9524688.66957867,9383455.30805777,9524688.66957867,False,True,True,0.0,0.0,none,UNRATED,0,0
EXP-0000447,BOR-0000447,GRP-000089,2026-06-30,mortgage,mortgage,individual,True,False,True,False,0.0,0.0,mortgage,Households,North,INR,CCC,CCC,0.16786421242585328,0.28766537839263473,2019-09-05,2.7642460373561235,2.7642460373561235,1239891.6270353224,1239891.6270353224,0.0,False,no_commitment,False,6104.913040165781,residential_property,1349571.6911207715,1357971.9172470297,1349571.6911207715,False,True,True,0.0,0.0,none,UNRATED,60,0
EXP-0000448,BOR-0000448,GRP-000089,2026-06-30,mortgage,mortgage,individual,True,False,True,False,0.0,0.0,mortgage,Households,North,INR,BBB,BBB,0.0037577395320803134,0.12100140671510269,2020-12-28,0.9237014095250113,0.9237014095250113,11280683.720279464,11280683.720279464,0.0,False,no_commitment,False,6134.563097151914,residential_property,24527777.59411499,23946218.089947715,24527777.59411499,False,True,True,0.0,0.0,none,UNRATED,5,0
EXP-0000449,BOR-0000449,GRP-000089,2026-06-30,mortgage,mortgage,individual,True,False,True,False,0.0,0.0,mortgage,Households,West,INR,A,A,0.0017463772735051308,0.1320189857913356,2017-12-14,1.9667246930541677,1.9667246930541677,6921010.609820536,6921010.609820536,0.0,False,no_commitment,False,9354.585529287146,residential_property,14524695.871491222,14800902.610074766,14524695.871491222,False,True,True,0.0,0.0,none,UNRATED,60,0
EXP-0000450,BOR-0000450,GRP-000090,2026-06-30,mortgage,mortgage,individual,True,False,True,False,0.0,0.0,mortgage,Households,North,INR,BBB,BBB,0.003688996183532734,0.2399240547052872,2019-02-07,2.202724666253174,2.202724666253174,11475470.726799197,11475470.726799197,0.0,False,no_commitment,False,19154.81611001442,residential_property,16292691.742784817,17141839.68678252,16292691.742784817,False,True,True,0.0,4637916.149797064,eligible_bank,AA,0,0
EXP-0000451,BOR-0000451,GRP-000090,2026-06-30,mortgage,mortgage,individual,True,False,True,False,0.0,0.0,mortgage,Households,North,INR,AA,AA,0.0005796892170196334,0.212638775919774,2021-03-28,3.168858707655385,3.168858707655385,10715467.26444997,10715467.26444997,0.0,False,no_commitment,False,31882.593708032135,residential_property,14082644.555157378,13798887.175239835,14082644.555157378,False,True,True,0.0,0.0,none,UNRATED,0,0
EXP-0000452,BOR-0000452,GRP-000090,2026-06-30,mortgage,mortgage,individual,True,False,True,False,0.0,0.0,mortgage,Households,South,INR,BB,BB,0.013881999041306594,0.1910979933128435,2023-05-17,1.7864234674175983,1.7864234674175983,2784375.931922937,2784375.931922937,0.0,False,no_commitment,False,32978.32762721693,residential_property,3470907.0376505908,3490451.4716764675,3470907.0376505908,False,True,True,0.0,0.0,none,UNRATED,5,0
EXP-0000453,BOR-0000453,GRP-000090,2026-06-30,mortgage,mortgage,individual,True,False,True,False,0.0,0.0,mortgage,Households,West,INR,BB,BB,0.011656464131100516,0.2790907868110445,2022-09-19,2.2230268499925105,2.2230268499925105,1989132.9052451013,1989132.9052451013,0.0,False,no_commitment,False,15429.865327573287,residential_property,2598921.164505029,2713261.199758734,2598921.164505029,False,True,True,0.0,0.0,none,UNRATED,60,0
EXP-0000454,BOR-0000454,GRP-000090,2026-06-30,mortgage,mortgage,individual,True,False,True,False,0.0,0.0,mortgage,Households,South,INR,A,A,0.0013338729207983712,0.16756177605876998,2022-03-23,5.004528613188917,5.004528613188917,613982.2408739497,613982.2408739497,0.0,False,no_commitment,False,5043.195913453832,residential_property,1055586.2223210838,1006414.952355886,1055586.2223210838,False,True,True,0.0,218625.80456416728,eligible_bank,AA,0,0
EXP-0000455,BOR-0000455,GRP-000091,2026-06-30,mortgage,mortgage,individual,True,False,True,False,0.0,0.0,mortgage,Households,West,INR,A,A,0.001400342009649022,0.20104228183668302,2022-11-18,2.305245482807857,2.305245482807857,2687767.134277396,2687767.134277396,0.0,False,no_commitment,False,8051.0373767030715,residential_property,3904053.9977107057,3972994.682040346,3904053.9977107057,False,True,True,0.0,0.0,none,UNRATED,5,0
EXP-0000456,BOR-0000456,GRP-000091,2026-06-30,mortgage,mortgage,individual,True,False,True,False,0.0,0.0,mortgage,Households,North,INR,A,A,0.0015200660184736111,0.14139709692527586,2025-09-03,0.8021185043125381,0.8021185043125381,11027998.14318476,11027998.14318476,0.0,False,no_commitment,False,24031.72712195473,residential_property,17897770.226463884,18687442.655090887,17897770.226463884,False,True,True,0.0,0.0,none,UNRATED,0,0
EXP-0000457,BOR-0000457,GRP-000091,2026-06-30,mortgage,mortgage,individual,True,False,True,False,0.0,0.0,mortgage,Households,North,INR,CCC,CCC,0.19905225189412137,0.20873151538782853,2020-07-31,2.25492520527819,2.25492520527819,2043491.8609600374,2043491.8609600374,0.0,False,no_commitment,False,20454.138651993857,residential_property,2920842.8455857206,2711545.9282978987,2920842.8455857206,False,True,True,0.0,0.0,none,UNRATED,30,0
EXP-0000458,BOR-0000458,GRP-000091,2026-06-30,mortgage,mortgage,individual,True,False,True,False,0.0,0.0,mortgage,Households,South,INR,BBB,BBB,0.0038346071418331592,0.1032793306570375,2022-04-22,1.3013832541621055,1.3013832541621055,3053578.9283548747,3053578.9283548747,0.0,False,no_commitment,False,12582.560216658969,residential_property,4479768.698801771,4303237.928579916,4479768.698801771,False,True,True,0.0,0.0,none,UNRATED,5,0
EXP-0000459,BOR-0000459,GRP-000091,2026-06-30,mortgage,mortgage,individual,True,False,True,False,0.0,0.0,mortgage,Households,East,INR,BB,BB,0.014334345969797534,0.18846813283427752,2020-12-28,2.0779144828481475,2.0779144828481475,2440718.1178328875,2440718.1178328875,0.0,False,no_commitment,False,28655.97476846759,residential_property,4178127.544104833,3860762.0645352914,4178127.544104833,True,False,True,0.0,0.0,none,UNRATED,0,0
EXP-0000460,BOR-0000460,GRP-000092,2026-06-30,mortgage,mortgage,individual,True,False,True,False,0.0,0.0,mortgage,Households,East,INR,BBB,BBB,0.002934532020194376,0.1769801257700531,2019-11-04,1.4623904394308136,1.4623904394308136,4466074.426163665,4466074.426163665,0.0,False,no_commitment,False,19851.779423992666,residential_property,7309774.344478479,6732492.692568021,7309774.344478479,False,True,True,0.0,0.0,none,UNRATED,15,0
EXP-0000461,BOR-0000461,GRP-000092,2026-06-30,mortgage,mortgage,individual,True,False,True,False,0.0,0.0,mortgage,Households,Central,INR,BBB,BBB,0.004408112415904284,0.11380272346608354,2024-05-11,1.9129375954348362,1.9129375954348362,8074557.050966333,8074557.050966333,0.0,False,no_commitment,False,9948.260857150335,residential_property,22737208.11675075,22655780.35577054,22737208.11675075,False,True,True,0.0,3130999.991547818,eligible_bank,AA,15,0
EXP-0000462,BOR-0000462,GRP-000092,2026-06-30,mortgage,mortgage,individual,True,False,True,False,0.0,0.0,mortgage,Households,North,INR,A,A,0.0013233990813295673,0.2601540889990611,2024-01-12,1.7330544249445805,1.7330544249445805,1286951.2731680057,1286951.2731680057,0.0,False,no_commitment,False,15143.84472666261,residential_property,1586630.7524662588,1637574.1647838878,1586630.7524662588,False,True,True,0.0,0.0,none,UNRATED,30,0
EXP-0000463,BOR-0000463,GRP-000092,2026-06-30,mortgage,mortgage,individual,True,False,True,False,0.0,0.0,mortgage,Households,North,INR,B,B,0.057197213851496,0.21330481712649263,2017-11-14,1.6079562503919966,1.6079562503919966,1457479.5094327945,1457479.5094327945,0.0,False,no_commitment,False,15967.599431780809,residential_property,2022634.3347731498,1984783.3690415367,2022634.3347731498,True,False,True,0.0,0.0,none,UNRATED,0,0
EXP-0000464,BOR-0000464,GRP-000092,2026-06-30,mortgage,mortgage,individual,True,False,True,False,0.0,0.0,mortgage,Households,Central,INR,BBB,BBB,0.005069557581346215,0.08467196439805713,2022-02-21,2.041006562152103,2.041006562152103,9198735.178664219,9198735.178664219,0.0,False,no_commitment,False,32585.354930194357,residential_property,33105126.16718959,33746504.97912335,33105126.16718959,False,True,True,0.0,0.0,none,UNRATED,0,0
EXP-0000465,BOR-0000465,GRP-000093,2026-06-30,mortgage,mortgage,individual,True,False,True,False,0.0,0.0,mortgage,Households,East,INR,BBB,BBB,0.003866963819318449,0.2332939176680654,2017-01-18,0.7159020329794439,0.7159020329794439,5636461.285193496,5636461.285193496,0.0,False,no_commitment,False,4349.936082154035,residential_property,7003231.169299916,6657536.73984244,7003231.169299916,False,True,True,0.0,0.0,none,UNRATED,15,0
EXP-0000466,BOR-0000466,GRP-000093,2026-06-30,mortgage,mortgage,individual,True,False,True,False,0.0,0.0,mortgage,Households,South,INR,BBB,BBB,0.0033270909399493623,0.17973963148003488,2018-03-14,3.2573629598044316,3.2573629598044316,2956971.5027847164,2956971.5027847164,0.0,False,no_commitment,False,19478.41925382522,residential_property,4473581.523832848,4714385.201446098,4473581.523832848,False,True,True,0.0,0.0,none,UNRATED,15,0
EXP-0000467,BOR-0000467,GRP-000093,2026-06-30,mortgage,mortgage,individual,True,False,True,False,0.0,0.0,mortgage,Households,South,INR,BBB,BBB,0.003987995049558156,0.11531531682880009,2023-11-13,0.7659553476347162,0.7659553476347162,10616047.418780236,10616047.418780236,0.0,False,no_commitment,False,108739.36923080237,residential_property,20785609.949662928,20328628.059998717,20785609.949662928,False,True,True,0.0,0.0,none,UNRATED,0,0
EXP-0000468,BOR-0000468,GRP-000093,2026-06-30,mortgage,mortgage,individual,True,False,True,False,0.0,0.0,mortgage,Households,North,INR,B,B,0.053238901752361595,0.11232664224218336,2017-06-17,4.151822168564111,4.151822168564111,1441226.0750750066,1441226.0750750066,0.0,False,no_commitment,False,14092.884589128475,residential_property,2907586.9629682675,3003982.7680785637,2907586.9629682675,True,False,True,0.0,0.0,none,UNRATED,15,0
EXP-0000469,BOR-0000469,GRP-000093,2026-06-30,mortgage,mortgage,individual,True,False,True,False,0.0,0.0,mortgage,Households,Central,INR,A,A,0.0014171835802381683,0.15280472843860432,2022-05-22,4.910641234077671,4.910641234077671,6411233.831156896,6411233.831156896,0.0,False,no_commitment,False,20962.760011601906,residential_property,11593504.452840615,10907061.557982773,11593504.452840615,False,True,True,0.0,0.0,none,UNRATED,15,0
EXP-0000470,BOR-0000470,GRP-000094,2026-06-30,mortgage,mortgage,individual,True,False,True,False,0.0,0.0,mortgage,Households,East,INR,BBB,BBB,0.0036138274546344334,0.1261598436122151,2023-11-13,1.317753360251864,1.317753360251864,3348150.8144133957,3348150.8144133957,0.0,False,no_commitment,False,15839.989453851953,residential_property,6543949.413635634,6877018.702047738,6543949.413635634,False,True,True,0.0,0.0,none,UNRATED,0,0
EXP-0000471,BOR-0000471,GRP-000094,2026-06-30,mortgage,mortgage,individual,True,False,True,False,0.0,0.0,mortgage,Households,North,INR,BBB,BBB,0.004427035439584681,0.18572389424486668,2021-11-23,1.1102343205105096,1.1102343205105096,5191467.7564327745,5191467.7564327745,0.0,False,no_commitment,False,10077.697910513001,residential_property,9713154.458422294,9741221.727157183,9713154.458422294,False,True,True,0.0,0.0,none,UNRATED,60,0
EXP-0000472,BOR-0000472,GRP-000094,2026-06-30,mortgage,mortgage,individual,True,False,True,False,0.0,0.0,mortgage,Households,West,INR,BBB,BBB,0.004374789702108768,0.26896323569913994,2020-06-01,2.2136239491114784,2.2136239491114784,741644.0229380259,741644.0229380259,0.0,False,no_commitment,False,8102.853897184395,residential_property,773264.4964019535,831447.1560983005,773264.4964019535,False,True,True,0.0,0.0,none,UNRATED,0,0
EXP-0000473,BOR-0000473,GRP-000094,2026-06-30,mortgage,mortgage,individual,True,False,True,False,0.0,0.0,mortgage,Households,South,INR,A,A,0.0014093561555706922,0.2112293707258143,2021-12-23,7.103071227546556,7.103071227546556,2954430.135056806,2954430.135056806,0.0,False,no_commitment,False,2451.7184167363403,residential_property,4030097.8272332205,3969079.473353905,4030097.8272332205,False,True,True,0.0,0.0,none,UNRATED,15,0
EXP-0000474,BOR-0000474,GRP-000094,2026-06-30,mortgage,mortgage,individual,True,False,True,False,0.0,0.0,mortgage,Households,South,INR,A,A,0.00111375055526951,0.2835549743879544,2023-12-13,1.7530397904787045,1.7530397904787045,5650142.883304388,5650142.883304388,0.0,False,no_commitment,False,52161.875272025834,residential_property,5560497.903768295,5892348.035021531,5560497.903768295,False,True,True,0.0,0.0,none,UNRATED,15,0
EXP-0000475,BOR-0000475,GRP-000095,2026-06-30,mortgage,mortgage,individual,True,False,True,False,0.0,0.0,mortgage,Households,West,INR,A,A,0.0016284248232416125,0.21022980963913257,2023-07-16,1.667896858969791,1.667896858969791,3358848.901835428,3358848.901835428,0.0,False,no_commitment,False,17682.6203686358,residential_property,4741621.633249347,4674935.0699851,4741621.633249347,False,True,True,0.0,0.0,none,UNRATED,0,0
EXP-0000476,BOR-0000476,GRP-000095,2026-06-30,mortgage,mortgage,individual,True,False,True,False,0.0,0.0,mortgage,Households,North,INR,BBB,BBB,0.003483980515123176,0.1727570303990556,2018-03-14,1.4034771759877276,1.4034771759877276,7914579.150716416,7914579.150716416,0.0,False,no_commitment,False,19784.505953158132,residential_property,10299069.423221407,9652934.366432674,10299069.423221407,False,True,True,0.0,0.0,none,UNRATED,5,0
EXP-0000477,BOR-0000477,GRP-000095,2026-06-30,mortgage,mortgage,individual,True,False,True,False,0.0,0.0,mortgage,Households,West,INR,BBB,BBB,0.004157341280495923,0.13008716933635997,2023-12-13,0.9685072220094736,0.9685072220094736,7744138.4110081075,7744138.4110081075,0.0,False,no_commitment,False,13704.25227611947,residential_property,14884555.75239941,15331412.510830509,14884555.75239941,False,True,True,0.0,5719164.149571992,eligible_bank,AA,0,0
EXP-0000478,BOR-0000478,GRP-000095,2026-06-30,mortgage,mortgage,individual,True,False,True,False,0.0,0.0,mortgage,Households,South,INR,BBB,BBB,0.004110327310062816,0.19972469674109689,2021-05-27,1.6237788800810393,1.6237788800810393,1877041.021340263,1877041.021340263,0.0,False,no_commitment,False,20247.511228342733,residential_property,2926314.4500711397,2777875.8785938257,2926314.4500711397,False,True,True,0.0,0.0,none,UNRATED,60,0
EXP-0000479,BOR-0000479,GRP-000095,2026-06-30,mortgage,mortgage,individual,True,False,True,False,0.0,0.0,mortgage,Households,South,INR,BBB,BBB,0.0028470512918896507,0.16638720373357124,2018-03-14,2.2054639919470453,2.2054639919470453,5979627.002553504,5979627.002553504,0.0,False,no_commitment,False,6288.457851937719,residential_property,9113696.129368398,9550938.14756998,9113696.129368398,True,False,True,0.0,0.0,none,UNRATED,5,0
EXP-0000480,BOR-0000480,GRP-000096,2026-06-30,mortgage,mortgage,individual,True,False,True,False,0.0,0.0,mortgage,Households,North,INR,BBB,BBB,0.004058806903583004,0.18000134293466474,2021-08-25,1.207000972775266,1.207000972775266,1835895.2575330907,1835895.2575330907,0.0,False,no_commitment,False,11546.888123696966,residential_property,2367627.0938735553,2305070.3072528103,2367627.0938735553,False,True,True,0.0,0.0,none,UNRATED,15,0
EXP-0000481,BOR-0000481,GRP-000096,2026-06-30,mortgage,mortgage,individual,True,False,True,False,0.0,0.0,mortgage,Households,North,INR,BBB,BBB,0.004388160925278477,0.19994466984141274,2025-08-04,3.6848365001323606,3.6848365001323606,3625067.849540004,3625067.849540004,0.0,False,no_commitment,False,18664.725585922555,residential_property,5479345.141133234,5704151.357613305,5479345.141133234,False,True,True,0.0,0.0,none,UNRATED,0,0
EXP-0000482,BOR-0000482,GRP-000096,2026-06-30,mortgage,mortgage,individual,True,False,True,False,0.0,0.0,mortgage,Households,South,INR,A,A,0.0016822842505848055,0.20809176468851798,2018-05-13,3.798630204619647,3.798630204619647,5361513.638961651,5361513.638961651,0.0,False,no_commitment,False,569.0884923043701,residential_property,7347300.270459283,7325482.074981365,7347300.270459283,False,True,True,0.0,0.0,none,UNRATED,0,0
EXP-0000483,BOR-0000483,GRP-000096,2026-06-30,mortgage,mortgage,individual,True,False,True,False,0.0,0.0,mortgage,Households,North,INR,BBB,BBB,0.004085402261606114,0.1899459201052564,2020-11-28,3.238842808937553,3.238842808937553,2033643.6043552388,2033643.6043552388,0.0,False,no_commitment,False,4316.2876527109265,residential_property,2810298.4046790926,2826937.6228789273,2810298.4046790926,False,True,True,0.0,0.0,none,UNRATED,0,0
EXP-0000484,BOR-0000484,GRP-000096,2026-06-30,mortgage,mortgage,individual,True,False,True,False,0.0,0.0,mortgage,Households,East,INR,BBB,BBB,0.0028021889320435337,0.11490407628617216,2019-01-08,1.9273286838406756,1.9273286838406756,5837280.316342959,5837280.316342959,0.0,False,no_commitment,False,27625.486855185518,residential_property,9437585.03392964,9791882.094630158,9437585.03392964,False,True,True,0.0,0.0,none,UNRATED,30,0
EXP-0000485,BOR-0000485,GRP-000097,2026-06-30,mortgage,mortgage,individual,True,False,True,False,0.0,0.0,mortgage,Households,North,INR,AA,AA,0.0007550653081807862,0.08507086222232223,2021-04-27,2.299017650223534,2.299017650223534,2520057.5372295543,2520057.5372295543,0.0,False,no_commitment,False,11804.894577987548,residential_property,4192880.513722968,4303609.973711077,4192880.513722968,False,True,True,0.0,0.0,none,UNRATED,343,1
EXP-0000486,BOR-0000486,GRP-000097,2026-06-30,mortgage,mortgage,individual,True,False,True,False,0.0,0.0,mortgage,Households,West,INR,BBB,BBB,0.004307158652152414,0.20143982723390125,2020-09-29,1.7366113813104793,1.7366113813104793,2399618.042373574,2399618.042373574,0.0,False,no_commitment,False,18657.15927966079,residential_property,4313755.9238877,4427097.43662967,4313755.9238877,False,True,True,0.0,0.0,none,UNRATED,0,0
EXP-0000487,BOR-0000487,GRP-000097,2026-06-30,mortgage,mortgage,individual,True,False,True,False,0.0,0.0,mortgage,Households,West,INR,BBB,BBB,0.003221016142030872,0.22761494366525023,2018-05-13,4.5650974017240005,4.5650974017240005,5540507.526231062,5540507.526231062,0.0,False,no_commitment,False,57426.71079296722,residential_property,6487777.339011286,6652769.4386043465,6487777.339011286,True,False,True,0.0,0.0,none,UNRATED,0,0
EXP-0000488,BOR-0000488,GRP-000097,2026-06-30,mortgage,mortgage,individual,True,False,True,False,0.0,0.0,mortgage,Households,West,INR,A,A,0.0013016956502327464,0.11405337652842326,2018-12-09,4.421756709274891,4.421756709274891,2032731.7032901146,2032731.7032901146,0.0,False,no_commitment,False,20565.37910949229,residential_property,3286090.609790841,3330923.3905708417,3286090.609790841,False,True,True,0.0,0.0,none,UNRATED,15,0
EXP-0000489,BOR-0000489,GRP-000097,2026-06-30,mortgage,mortgage,individual,True,False,True,False,0.0,0.0,mortgage,Households,North,INR,BBB,BBB,0.004169994508039367,0.20489644677544805,2023-10-14,2.4135975218978265,2.4135975218978265,1966627.041025264,1966627.041025264,0.0,False,no_commitment,False,9244.190603820216,residential_property,2709178.9103816724,2842330.8255218584,2709178.9103816724,True,False,True,0.0,0.0,none,UNRATED,0,0
EXP-0000490,BOR-0000490,GRP-000098,2026-06-30,mortgage,mortgage,individual,True,False,True,False,0.0,0.0,mortgage,Households,East,INR,BBB,BBB,0.004520648766308883,0.12358853806746668,2017-01-18,1.1309530828635233,1.1309530828635233,6886165.469803961,6886165.469803961,0.0,False,no_commitment,False,74035.61178920639,residential_property,10703014.148374334,10360552.09771356,10703014.148374334,False,True,True,0.0,4168741.7476434847,eligible_bank,AA,30,0
EXP-0000491,BOR-0000491,GRP-000098,2026-06-30,mortgage,mortgage,individual,True,False,True,False,0.0,0.0,mortgage,Households,South,INR,BB,BB,0.01373870300749178,0.2637060323058699,2017-07-17,2.7739877030566724,2.7739877030566724,3755889.409590624,3755889.409590624,0.0,False,no_commitment,False,43610.87312794292,residential_property,4415343.181211174,4190382.483954403,4415343.181211174,False,True,True,0.0,0.0,none,UNRATED,30,0
EXP-0000492,BOR-0000492,GRP-000098,2026-06-30,mortgage,mortgage,individual,True,False,True,False,0.0,0.0,mortgage,Households,North,INR,BBB,BBB,0.0046408100671981485,0.1672871479787046,2020-11-28,2.945445547624909,2.945445547624909,1360136.8185299998,1360136.8185299998,0.0,False,no_commitment,False,16263.024744090677,residential_property,4096487.969005404,4250620.820805186,4096487.969005404,False,True,True,0.0,0.0,none,UNRATED,0,0
EXP-0000493,BOR-0000493,GRP-000098,2026-06-30,mortgage,mortgage,individual,True,False,True,False,0.0,0.0,mortgage,Households,East,INR,BBB,BBB,0.0028967700252637996,0.1550065320900477,2019-07-07,1.4226019394729774,1.4226019394729774,6103911.92275717,6103911.92275717,0.0,False,no_commitment,False,45020.4340022668,residential_property,8459973.237630421,8513885.225778138,8459973.237630421,False,True,True,0.0,0.0,none,UNRATED,0,0
EXP-0000494,BOR-0000494,GRP-000098,2026-06-30,mortgage,mortgage,individual,True,False,True,False,0.0,0.0,mortgage,Households,West,INR,BBB,BBB,0.003315643555293385,0.10954380287673843,2021-10-24,1.3343442197843716,1.3343442197843716,2687125.856394843,2687125.856394843,0.0,False,no_commitment,False,24602.022617518378,residential_property,5884235.908142469,6261402.839036238,5884235.908142469,False,True,True,0.0,0.0,none,UNRATED,0,0
EXP-0000495,BOR-0000495,GRP-000099,2026-06-30,mortgage,mortgage,individual,True,False,True,False,0.0,0.0,mortgage,Households,South,INR,BB,BB,0.010344600361056666,0.21337563892334835,2017-11-14,1.2578339634846143,1.2578339634846143,1406078.0413408692,1406078.0413408692,0.0,False,no_commitment,False,2328.6087540196304,residential_property,1909344.482734291,2051425.802034836,1909344.482734291,False,True,True,0.0,666405.9930066395,eligible_bank,AA,0,0
EXP-0000496,BOR-0000496,GRP-000099,2026-06-30,mortgage,mortgage,individual,True,False,True,False,0.0,0.0,mortgage,Households,West,INR,BBB,BBB,0.0034033540661453972,0.11730210629500154,2022-03-23,1.0204766099773543,1.0204766099773543,685921.7061408535,685921.7061408535,0.0,False,no_commitment,False,4417.059467790666,residential_property,1063300.9414390773,1125760.7709070586,1063300.9414390773,False,True,True,0.0,0.0,none,UNRATED,0,0
EXP-0000497,BOR-0000497,GRP-000099,2026-06-30,mortgage,mortgage,individual,True,False,True,False,0.0,0.0,mortgage,Households,East,INR,BBB,BBB,0.0052474815373605935,0.08811918473429234,2017-11-14,0.6555993386040548,0.6555993386040548,6296426.571291614,6296426.571291614,0.0,False,no_commitment,False,6424.575830566853,residential_property,15038806.371887678,15153243.136629656,15038806.371887678,False,True,True,0.0,0.0,none,UNRATED,60,0
EXP-0000498,BOR-0000498,GRP-000099,2026-06-30,mortgage,mortgage,individual,True,False,True,False,0.0,0.0,mortgage,Households,North,INR,BBB,BBB,0.005793280800645207,0.19042103828319326,2023-03-18,1.7174155993580713,1.7174155993580713,2001338.537646807,2001338.537646807,0.0,False,no_commitment,False,3818.360152018286,residential_property,2751363.677475714,2863234.1225730265,2751363.677475714,False,True,True,0.0,0.0,none,UNRATED,0,0
EXP-0000499,BOR-0000499,GRP-000099,2026-06-30,mortgage,mortgage,individual,True,False,True,False,0.0,0.0,mortgage,Households,West,INR,BBB,BBB,0.004172521984324182,0.25503274716155866,2020-09-29,0.864645545245442,0.864645545245442,1559341.8904440182,1559341.8904440182,0.0,False,no_commitment,False,12054.300988267969,residential_property,2202115.3323187316,2143744.511952312,2202115.3323187316,False,True,True,0.0,0.0,none,UNRATED,5,0
EXP-0000500,BOR-0000500,GRP-000100,2026-06-30,mortgage,mortgage,individual,True,False,True,False,0.0,0.0,mortgage,Households,South,INR,BBB,BBB,0.0035657596039688835,0.1240429810815432,2017-12-14,2.0516101176010904,2.0516101176010904,5303541.51746073,5303541.51746073,0.0,False,no_commitment,False,26714.216312829285,residential_property,8409077.848761853,7756212.4481206555,8409077.848761853,False,True,True,0.0,0.0,none,UNRATED,0,0
